File ID,G
33-28,5.992242
22-39,1.814504
2-13,1.885095
38-13,1.422002
17-32,1.019007
13-39,1.707981
34-20,1.395216
13-20,1.636236
34-29,1.395324
11-12,1.231215
37-13,3.844842
22-15,1.831071
41-10,1.653083
26-23,2.663165
7-28,1.173024
41-20,1.695018
12-10,1.091814
21-20,1.283097
7-37,1.173159
2-19,1.88433
42-18,3.109197
19-31,-0.863996
37-23,3.874054
33-30,6.263166
34-16,1.401689
3-24,2.404285
11-31,1.231222
22-29,1.809184
38-24,1.424809
37-35,3.827877
4-23,3.439354
36-39,2.590966
14-34,1.904303
39-39,1.500241
13-2,2.008796
13-28,1.647668
29-19,1.38519
9-28,-2.063212
12-12,1.091369
28-2,1.241075
20-27,0.076517
24-23,1.389577
41-29,1.671083
33-37,5.992228
6-16,1.180007
34-28,1.399576
5-24,1.516151
18-40,0.95167
41-11,1.700081
3-11,2.402814
7-19,1.173023
4-7,3.439319
4-3,3.439314
40-21,1.424677
29-33,1.342923
17-37,1.019014
24-33,1.390085
41-28,1.645441
21-2,1.283098
35-28,2.126937
32-4,0.797108
33-27,5.99149
27-16,1.324321
2-31,1.887321
20-30,0.076512
9-14,-2.058227
25-39,2.144827
30-21,0.887796
1-27,1.364984
13-17,1.614857
26-17,2.795835
18-10,0.951653
34-33,1.389837
39-29,1.443759
35-12,2.127413
30-36,0.885763
2-7,1.885706
42-5,3.362939
27-36,1.315354
26-37,2.67458
32-17,0.797114
14-39,1.907197
6-38,1.178464
9-2,-2.064147
6-28,1.17849
33-40,5.992229
5-27,1.518748
20-32,0.076087
28-19,1.241065
41-19,1.661164
22-27,1.810569
3-38,2.402883
32-24,0.797116
12-3,1.091816
19-20,-0.863928
43-4,1.182633
38-19,1.449159
13-12,2.971899
31-23,3.010199
16-36,0.880132
28-5,1.23971
17-34,1.019455
13-10,1.85608
29-35,1.340153
17-14,1.019462
16-28,0.879061
36-33,2.590379
7-22,1.176846
26-9,2.656844
22-30,1.836763
9-24,-2.062718
7-14,1.173033
31-4,3.000292
35-4,2.134388
31-13,3.015821
34-26,1.407398
6-13,1.180006
22-36,1.814708
37-31,3.846847
10-16,1.699648
38-14,1.607062
1-10,1.368005
10-18,1.699627
40-8,1.505232
2-22,1.884293
10-32,1.699446
18-8,0.952073
15-29,2.608268
20-9,0.076513
29-21,1.357314
39-15,1.456461
40-17,1.414306
7-17,1.173024
27-3,1.319164
14-14,1.906911
36-17,2.592776
40-4,1.446535
29-17,1.346753
13-14,1.744151
3-32,2.402853
26-1,2.659094
17-10,1.018999
36-18,2.591457
20-8,0.076511
27-7,1.320296
15-26,2.608413
39-6,1.454518
1-28,1.364857
15-34,2.607467
33-31,5.991462
3-7,2.402846
35-7,2.125456
25-8,2.144359
32-5,0.797106
28-7,1.241071
14-12,1.906172
24-24,1.38966
6-7,1.180018
14-32,1.903826
31-15,3.056134
21-31,1.282619
11-14,1.231224
27-27,1.305491
29-3,1.339361
34-12,1.379335
42-34,3.10337
26-8,2.6643
13-8,1.648543
19-12,-0.863932
35-24,2.144106
16-29,0.879061
7-9,1.173163
13-37,1.614426
22-31,1.814451
24-32,1.390089
38-36,1.413532
39-24,1.453292
35-36,2.15194
32-16,0.800604
20-14,0.076529
41-40,1.657149
41-32,1.672626
17-3,1.019456
38-34,1.440915
10-21,1.699691
41-31,1.664841
9-10,-2.06414
33-22,5.992226
25-40,2.144822
22-26,1.811456
20-39,0.07652
20-7,0.076513
36-29,2.591502
18-14,0.951648
22-32,1.80674
12-2,1.091842
4-40,3.439386
25-26,2.144363
3-27,2.404303
18-7,0.951736
30-14,0.895333
10-30,1.699647
33-33,5.992229
22-25,1.810567
27-38,1.297406
27-14,1.316568
39-8,1.450861
20-17,0.07651
4-36,3.441068
14-8,1.903842
14-11,1.90141
12-31,1.091793
37-22,3.848432
28-15,1.245578
7-6,1.17302
29-40,1.358414
7-34,1.173696
36-10,2.590956
3-28,2.402643
4-17,3.43933
2-17,1.884966
36-3,2.591503
42-7,3.449536
5-38,1.516305
15-14,2.624576
24-26,1.389663
4-5,3.44088
21-36,1.283101
1-30,1.365544
17-15,1.01901
38-31,1.446262
43-5,1.173346
35-20,2.128477
4-16,3.439334
19-5,-0.863919
39-18,1.469566
25-15,2.143776
38-2,1.422736
30-37,0.885351
15-12,2.604641
35-23,2.127942
40-33,1.463763
31-5,3.030881
42-2,3.117017
38-32,1.481747
35-5,2.136531
9-38,-2.063972
28-33,1.241071
41-35,1.656824
22-17,1.811759
35-38,2.146292
32-2,0.797122
33-38,5.992219
41-30,1.690602
41-22,1.661319
41-25,1.687497
3-29,2.40285
36-6,2.591433
9-6,-2.064129
16-22,0.878142
9-31,-2.064273
12-16,1.091812
12-1,1.091777
43-16,1.210903
31-7,3.024362
4-12,3.440868
39-40,1.441406
6-36,1.180007
34-8,1.416324
39-2,1.47099
4-21,3.439336
34-19,1.376575
16-2,0.88053
35-35,2.137501
7-7,1.173028
2-23,1.888042
19-22,-0.863303
5-33,1.516323
6-34,1.179127
25-9,2.146102
1-37,1.36505
29-13,1.345458
13-16,1.612373
14-36,1.906001
6-21,1.179119
2-24,1.887326
2-6,1.885282
36-22,2.593476
19-17,-0.863698
12-20,1.091817
33-14,5.992229
7-23,1.173021
33-35,5.992236
7-13,1.173008
35-10,2.144499
1-15,1.365541
37-8,3.869414
41-27,1.698335
16-31,0.877452
28-12,1.240965
4-14,3.439351
16-34,0.877527
14-29,1.90558
42-17,3.145383
24-7,1.390084
28-21,1.241071
1-8,1.365545
11-15,1.231218
11-29,1.231219
1-2,1.365076
38-25,1.629965
39-17,1.452669
30-13,0.891477
35-8,2.144693
18-4,0.951723
34-40,1.388538
19-18,-0.863914
14-3,1.905782
21-11,1.283147
10-14,1.69962
1-4,1.365553
2-8,1.900294
14-26,1.905864
1-12,1.366555
22-9,1.806734
38-15,1.431828
11-6,1.231147
7-30,1.173022
31-1,2.995068
25-31,2.146112
37-29,3.828402
16-11,0.880108
41-8,1.694762
14-9,1.913671
26-33,2.797881
40-16,1.436003
13-3,1.638204
14-10,1.904247
28-29,1.240971
10-17,1.699698
34-4,1.391118
26-30,2.670937
4-8,3.439572
29-30,1.338883
42-38,3.120473
21-14,1.283099
41-21,1.659447
31-38,3.003432
10-26,1.699441
28-39,1.241066
30-10,0.885247
22-20,1.810477
25-27,2.144329
24-10,1.390087
22-4,1.811708
12-7,1.089202
9-3,-2.064129
20-21,0.076512
12-14,1.091821
22-34,1.806686
22-7,1.810576
5-7,1.516164
4-4,3.439028
4-29,3.440208
15-31,2.608593
41-3,1.646596
27-34,1.310033
26-20,2.673967
12-4,1.091825
10-9,1.700459
3-19,2.402813
30-18,0.884721
20-29,0.07649
5-9,1.516208
6-20,1.179126
21-25,1.283803
27-31,1.30951
34-7,1.413409
24-37,1.390085
40-5,1.465477
28-16,1.240971
41-23,1.739285
38-8,1.448391
7-10,1.173014
6-39,1.180007
30-31,0.872361
10-35,1.699662
25-6,2.144365
12-37,1.091806
39-13,1.440898
12-26,1.091816
21-35,1.283098
20-34,0.075325
13-19,1.753428
24-3,1.390081
30-7,0.867841
5-34,1.516186
32-10,0.797101
17-16,1.019458
36-5,2.590756
20-20,0.076511
12-21,1.091831
13-11,1.616054
16-17,0.878147
14-25,1.902001
38-39,1.43348
24-14,1.38967
4-2,3.439582
3-37,2.402854
30-4,0.871296
9-40,-2.064131
14-16,1.903876
6-37,1.179119
2-5,1.885169
36-9,2.591452
39-38,1.444349
16-3,0.879066
40-13,1.428942
40-37,1.436337
3-18,2.404344
26-35,2.666299
29-38,1.354052
42-12,3.146647
21-37,1.283099
18-12,0.950135
1-38,1.364516
32-35,0.795418
24-15,1.389591
33-18,5.990554
24-9,1.390115
43-2,1.186996
29-25,1.345264
38-29,1.413341
29-6,1.344757
4-19,3.439322
10-27,1.699448
9-13,-2.063214
3-14,2.402874
13-36,1.869916
11-27,1.231209
7-24,1.173161
37-9,3.849025
20-36,0.076619
25-36,2.144245
12-5,1.091468
34-3,1.409028
6-3,1.341069
1-17,1.365547
15-8,2.606399
38-20,1.422741
22-11,1.8106
2-16,1.883801
10-6,1.699644
4-26,3.440849
2-39,1.899176
41-13,1.643509
17-29,1.018575
28-11,1.241082
40-27,1.429498
30-11,0.898386
9-7,-2.062261
21-1,1.281865
29-14,1.341286
29-1,1.339295
5-10,1.516185
7-31,1.173018
17-38,1.018997
17-27,1.019019
27-33,1.319141
2-27,1.887353
28-18,1.241072
25-35,2.144343
32-1,0.797105
25-30,2.144233
27-35,1.301764
12-35,1.091813
5-32,1.516312
36-2,2.592026
35-6,2.136195
37-34,3.874369
39-26,1.621379
26-32,2.671157
39-22,1.468126
4-18,3.439332
25-22,2.145961
25-29,2.144252
27-25,1.302791
3-23,2.404361
27-11,1.311557
18-24,0.952049
42-19,3.139996
22-8,1.806755
7-18,1.173012
5-18,1.516486
37-30,3.829616
42-15,3.137221
18-18,0.951829
38-16,1.422977
37-40,3.853594
43-1,1.171899
13-23,1.672233
36-8,2.590292
19-4,-0.8637
39-9,1.590648
14-18,1.904139
3-2,2.40452
5-14,1.516181
20-35,0.076628
5-23,1.516182
38-33,1.421913
21-34,1.283058
17-8,1.021418
10-38,1.954087
30-27,0.870806
18-23,0.951586
5-13,1.516322
17-24,1.018604
34-15,1.422108
32-19,0.797122
29-5,1.340636
37-3,3.831265
33-11,5.992049
27-4,1.307709
25-4,2.144328
30-29,0.871581
39-32,1.44248
13-13,5.373955
12-40,1.091753
18-33,0.95183
35-37,2.135279
14-38,1.900938
24-16,1.390086
33-4,5.992228
21-32,1.283094
25-11,2.144131
4-39,3.439305
30-26,0.874073
30-8,0.865649
4-10,3.44087
16-30,0.878148
41-2,1.717045
9-35,-2.064136
5-40,1.518693
19-6,-0.863921
18-36,0.95154
5-15,1.517672
41-33,1.675576
13-25,1.622078
38-30,1.422381
33-36,5.992908
11-16,1.238292
22-16,1.811605
32-36,0.797118
38-40,1.446939
15-40,2.608774
11-18,1.231199
18-16,0.951647
39-33,1.476331
37-28,3.838838
13-35,1.643255
30-32,0.923768
14-27,1.903836
34-31,1.556853
25-3,2.144242
29-23,1.334067
3-39,2.40322
16-20,0.87814
30-34,0.91104
42-26,3.111582
19-25,-0.863923
5-25,1.516182
36-28,2.591373
3-33,2.402897
41-18,1.679425
40-11,1.433421
42-4,3.143882
42-23,3.145873
36-15,2.591494
6-33,1.180002
4-20,3.440848
15-28,2.882114
5-35,1.516312
19-7,-0.594692
28-17,1.241063
7-38,1.173027
19-11,-0.86426
6-18,1.179117
13-34,1.673533
7-12,1.172992
43-3,1.176171
27-19,1.311045
32-8,0.797102
16-25,0.879064
16-40,0.879059
9-9,-2.063202
24-35,1.390083
21-38,1.283117
10-10,1.69893
37-38,3.842758
42-20,3.260775
40-23,1.425759
42-28,3.124499
18-3,0.952042
12-30,1.091828
11-35,1.231214
21-29,1.283104
10-5,1.69964
15-36,2.615506
41-6,1.656835
38-37,1.487923
7-40,1.176583
33-19,5.992234
7-15,1.173005
36-21,2.591341
18-15,0.955944
36-35,2.591458
5-20,1.516186
12-13,1.09182
9-8,-2.064134
1-26,1.365544
37-21,3.82873
15-19,2.61516
35-16,2.135613
25-2,2.146949
26-34,2.678948
1-24,1.365543
1-3,1.36487
28-36,1.241073
15-30,2.61282
35-9,2.129927
9-39,-2.064134
32-32,0.797103
40-39,1.44022
34-6,1.388063
22-23,1.806744
26-40,2.689419
29-4,1.345147
36-38,2.590637
34-27,1.402525
22-10,1.81057
38-6,1.437529
27-21,1.296164
41-14,1.676901
1-14,1.365554
34-38,1.395886
15-27,2.608263
11-9,1.231215
25-5,2.144346
1-20,1.365544
17-26,1.019012
31-34,3.002258
17-18,1.019722
25-7,2.144369
43-11,1.206284
15-37,2.606743
28-37,1.241008
7-11,1.17317
24-38,1.390083
40-24,1.415419
38-18,1.429428
10-3,1.699648
28-10,1.24106
34-11,1.403796
17-20,1.018484
40-34,1.469829
16-37,0.879059
40-19,1.423757
1-5,1.365548
41-36,1.849183
5-16,1.516306
15-1,2.607848
11-37,1.231217
32-30,0.80271
17-6,1.019435
3-3,2.402886
17-4,1.018662
40-29,1.442199
24-17,1.38966
27-20,1.325606
32-40,0.79711
42-6,3.097781
5-2,1.517036
13-32,1.620915
30-5,0.888205
15-22,2.611132
16-9,0.876931
10-24,1.699646
35-18,2.125971
2-18,1.88523
37-27,3.828516
24-27,1.390088
42-8,3.173932
13-18,1.611164
18-1,0.953263
29-9,1.341829
7-20,1.173016
33-17,5.992229
24-18,1.38969
5-31,1.515248
15-13,2.60853
14-17,1.90599
26-7,2.660368
20-26,0.076511
10-33,1.699651
4-13,3.441107
30-17,0.909639
16-8,0.878167
9-27,-2.064148
6-23,1.178528
36-34,2.591459
27-10,1.31256
29-32,1.389733
3-15,2.402869
1-18,1.365543
2-14,1.885003
39-4,1.461124
28-25,1.240973
41-17,1.647447
19-40,-0.863926
7-1,1.173003
6-26,1.179086
20-31,0.076528
21-21,1.284058
19-33,-0.863926
11-28,1.231219
33-10,5.992233
29-37,1.344276
19-29,-0.863912
9-37,-2.064131
10-22,1.699647
18-17,0.950595
32-21,0.797123
9-26,-2.064131
28-3,1.240963
34-24,1.397277
2-26,1.883622
13-21,1.618423
28-22,1.241066
28-1,1.248541
22-18,1.806737
29-27,1.341233
41-39,1.686819
20-22,0.076535
21-8,1.281829
42-37,3.466609
18-27,0.952048
29-16,1.340659
15-6,2.604688
9-21,-2.063219
6-29,1.178486
13-29,1.628256
12-8,1.092178
6-24,1.180012
27-9,1.305689
6-35,1.180018
29-7,1.3531
10-36,1.699654
22-5,1.811964
9-20,-2.063225
24-22,1.390103
38-7,1.424842
38-12,1.411961
11-24,1.229369
41-38,1.907241
29-36,1.33744
11-36,1.231183
41-16,1.734358
36-14,2.591395
25-37,2.144302
36-25,2.591466
42-33,3.040413
32-20,0.797117
43-10,1.173304
20-23,0.076556
30-40,0.865648
28-31,1.241054
11-1,1.231205
27-39,1.30413
25-23,2.144358
32-34,0.797099
21-24,1.283098
10-34,1.699656
7-26,1.339739
36-1,2.591459
13-22,1.618358
4-28,3.437566
13-26,4.495466
24-13,1.390084
7-32,1.173014
19-21,-0.864125
20-38,0.138791
36-13,2.59146
18-38,0.951704
2-2,1.885231
15-32,2.605802
11-11,1.231214
14-28,1.90568
24-34,1.38967
14-6,1.906621
24-29,1.389667
21-22,1.283082
3-25,2.404481
7-5,1.173018
30-1,0.867625
29-28,1.400193
40-15,1.44436
35-39,2.128745
29-2,1.384959
2-25,1.887393
32-12,0.797111
32-26,0.797055
1-40,1.365534
12-22,1.091828
36-36,2.591458
7-4,1.173018
28-27,1.240971
35-1,2.125152
20-10,0.076515
9-25,-2.064417
38-11,1.498272
43-7,1.290188
11-22,1.231212
30-3,0.874646
38-35,1.421968
33-20,5.992226
30-35,0.933137
41-5,1.665951
5-5,1.517042
9-34,-2.064139
34-1,1.387871
14-24,1.907618
1-11,1.367828
24-39,1.389662
9-30,-2.065276
2-21,1.88733
21-6,1.283101
38-3,1.421449
40-20,1.435502
18-21,0.951564
2-35,1.8852
37-15,3.893457
21-19,1.28302
9-36,-2.06413
5-37,1.516304
20-15,0.076512
17-31,1.018993
36-7,3.768855
1-1,1.365536
32-33,0.806784
1-23,1.365548
19-26,-0.861019
10-23,1.699651
6-19,1.179102
43-15,1.213604
20-4,0.080286
27-1,1.304395
11-2,1.231211
25-34,2.144371
33-8,5.992232
30-30,0.871355
15-39,2.606447
4-34,3.439321
7-2,1.17297
33-21,5.99223
4-38,3.439331
28-9,1.241081
6-2,1.179148
25-14,2.144364
19-30,-0.863126
21-5,1.2831
35-19,2.127925
32-23,0.799652
24-21,1.389666
5-22,1.516128
13-33,1.700521
42-25,3.110757
28-24,1.240962
43-18,1.211694
32-29,0.797117
18-6,0.95166
31-35,3.053127
12-9,1.091804
4-25,3.439293
32-39,0.797114
13-4,1.621449
33-9,6.263613
13-9,1.622937
19-32,-0.864073
25-17,2.144355
37-26,3.853144
16-5,0.879071
33-25,5.99223
43-8,1.238407
26-13,2.673271
10-8,1.699438
24-19,1.390088
9-11,-2.064138
14-23,1.905574
18-37,0.952066
19-35,-0.864121
13-5,1.661469
18-13,0.951945
19-36,-0.863924
16-16,0.878015
37-36,3.844692
15-9,2.605967
12-28,1.091833
38-1,1.413364
9-22,-2.064139
21-40,1.283079
34-5,1.395993
14-5,1.901848
4-31,3.439205
4-33,3.43929
40-31,1.413526
19-34,-0.861251
24-28,1.390776
6-9,1.180005
40-6,1.427518
19-37,-0.863922
29-24,1.339864
22-19,1.806737
40-35,1.414619
38-26,1.42178
5-8,1.516306
5-39,1.516202
21-18,1.283097
29-29,1.343713
30-38,0.922425
32-9,0.797116
3-35,2.402882
15-5,2.60828
15-10,2.606689
32-18,0.797102
12-11,1.091823
30-6,0.951788
34-14,1.377107
7-16,1.173023
35-33,2.127088
14-1,1.905843
25-32,2.144361
5-12,1.516182
33-24,5.992233
42-27,3.105752
27-12,1.305566
13-24,1.675506
14-15,1.903632
26-4,2.77916
37-24,3.843468
27-6,1.31685
35-11,2.127204
16-24,0.879035
9-29,-2.064128
2-30,1.887352
27-13,1.296773
3-9,2.402884
31-10,3.039478
14-4,1.90612
28-14,1.241071
16-15,0.879065
4-35,3.439337
27-24,1.324831
20-33,0.076521
14-22,1.943726
3-30,2.402906
4-37,3.441063
25-33,2.144364
35-29,2.135859
42-24,3.159146
5-17,1.516315
3-17,2.402772
5-6,1.516181
38-4,1.422354
12-18,1.091822
29-15,1.344392
3-5,2.402731
4-22,3.439207
10-13,1.69964
4-30,3.439416
33-12,5.99687
3-21,2.402497
11-32,1.231072
31-14,3.021478
15-24,2.603972
15-25,2.624472
3-20,2.402823
14-20,1.906891
39-19,1.442724
30-22,0.912841
34-10,1.376236
43-14,1.302834
26-19,2.779263
5-28,1.516374
6-5,1.179122
40-25,1.470065
22-24,1.81057
2-3,1.884939
36-31,2.590937
16-6,0.878169
17-39,1.019007
22-13,1.810555
40-36,1.44455
1-25,1.365548
2-15,1.884911
21-30,1.283104
2-38,1.885215
21-15,1.282486
26-12,2.664631
41-9,1.672529
3-34,2.402881
5-19,1.516307
16-38,0.87906
4-24,3.43935
37-11,3.869132
2-29,1.885016
20-18,0.076441
42-29,3.106672
1-6,1.365544
29-12,1.356345
7-25,1.173158
17-13,1.019037
43-21,1.20534
27-40,1.31192
17-17,1.019007
43-20,1.168494
27-26,1.364443
20-11,0.076521
9-15,-2.063212
39-1,1.459208
6-27,1.180003
38-22,1.430649
37-12,3.828235
6-22,1.178506
16-32,0.877156
37-39,3.838859
27-17,1.303954
25-21,2.144381
34-18,1.451612
36-12,2.590914
12-38,1.091835
11-39,1.231211
37-18,3.828082
37-14,3.865691
26-21,2.661037
5-29,1.516307
38-9,1.426084
35-31,2.144053
21-39,1.283109
6-32,1.17866
3-6,2.402974
20-2,0.07652
12-32,1.091626
10-19,1.699641
24-40,1.390078
42-22,3.105421
6-25,1.179133
35-17,2.135025
39-25,1.479442
27-18,1.308727
11-34,1.231223
27-8,1.31725
16-18,0.877441
33-34,5.99223
17-12,1.019458
43-17,1.186925
26-26,2.681373
36-26,2.591093
37-32,3.828723
43-19,1.218553
22-37,1.805749
28-6,1.241078
26-38,2.685894
1-29,1.378836
1-7,1.364971
31-28,2.989234
15-11,2.608166
20-25,0.07671
32-25,0.797099
15-3,2.607724
43-9,1.206034
1-35,1.365461
14-33,1.90618
24-30,1.39009
41-4,1.666001
14-37,2.250344
33-32,5.992514
30-2,0.907583
31-22,2.995887
10-28,1.699641
40-18,1.414787
28-23,1.240845
40-1,1.47754
21-28,1.28284
35-25,2.139549
1-9,1.365558
13-7,1.625125
3-36,2.40292
2-37,1.884996
29-26,1.344504
5-26,1.516299
36-32,2.597629
12-15,1.091811
10-25,1.699652
30-12,0.945504
1-33,1.365542
13-15,1.658379
20-13,0.076518
37-16,3.857064
1-22,1.365553
1-39,1.364962
19-24,-0.863918
6-31,1.179119
2-33,1.885133
11-13,1.231185
32-13,0.797102
25-10,2.14436
9-17,-2.063214
35-21,2.128955
40-14,1.417782
32-7,0.795856
30-23,0.874611
33-13,5.992529
1-21,1.365542
34-9,1.394783
31-8,3.025384
35-34,2.134168
17-5,1.019454
21-7,1.283079
4-9,3.439358
36-4,2.591455
25-28,2.144369
18-35,0.951897
39-23,1.464386
2-40,1.885237
3-12,2.402835
16-39,0.879062
10-37,1.699671
34-25,1.396312
14-19,1.905866
27-29,1.309521
33-2,5.99223
7-8,1.173019
18-34,0.951803
18-2,0.952061
43-13,1.23083
6-8,1.179093
16-10,0.87715
43-12,1.175511
30-39,0.959882
28-38,1.242688
20-3,0.076648
15-35,2.6084
18-31,0.952055
10-7,1.699653
11-5,1.231193
16-23,0.879066
36-27,2.59146
36-16,2.591424
12-34,1.091828
2-10,1.885637
30-20,0.879844
5-21,1.516182
24-20,1.389952
11-26,1.229387
36-30,2.596794
26-11,2.674047
2-12,1.885712
11-17,1.231205
5-30,1.516189
17-11,1.019722
13-38,3.119502
40-22,1.476109
16-13,0.881841
43-6,1.202842
19-16,-0.588748
19-3,-0.863921
36-19,2.59146
25-18,2.146106
37-6,3.959756
17-25,1.019456
17-40,1.019001
11-8,1.231189
32-27,0.797117
7-39,1.173031
27-15,1.336182
17-2,1.019438
27-22,1.304597
33-29,5.992009
2-34,1.88492
37-37,3.839679
9-16,-2.064103
29-31,1.345483
20-5,0.076511
15-4,2.6062
16-14,0.877153
9-1,-2.064153
4-11,3.439365
38-38,1.43622
26-10,2.68329
26-15,2.663064
1-31,1.365545
1-34,1.368254
19-10,-0.84266
12-25,1.091813
35-32,2.127755
39-37,1.452238
4-1,3.439367
18-28,0.952095
25-20,2.144365
25-38,2.144534
25-16,2.144361
40-26,1.426053
11-25,1.232582
41-24,1.679387
30-28,0.950643
39-5,1.46685
42-11,3.398781
22-12,1.810567
21-26,1.283115
26-18,2.723337
21-10,1.28298
39-14,1.454694
25-12,2.146122
16-26,0.877158
6-6,1.179122
11-38,1.231221
3-16,2.402566
28-4,1.241066
26-2,2.660722
27-5,1.300497
32-6,0.797117
16-27,0.87906
35-15,2.128619
6-40,1.178491
3-22,2.402878
7-21,1.172381
20-37,0.076521
32-28,0.797113
33-16,5.992225
37-19,3.845348
22-3,1.81265
28-8,1.241076
36-20,2.592613
16-4,0.878138
38-10,1.421905
42-14,3.116576
18-9,0.952023
15-18,2.608424
32-11,0.797118
31-31,2.996213
37-5,3.829662
10-39,1.860665
29-22,1.34084
22-38,1.81186
22-2,1.810569
17-1,1.01847
18-22,0.951674
32-31,0.797104
7-29,1.173022
13-6,6.727044
29-34,1.360422
7-35,1.172999
12-36,1.091826
10-29,1.700355
26-3,2.754078
34-2,1.3739
2-28,1.887314
40-38,1.435743
24-1,1.389687
28-40,1.24108
11-20,1.231194
37-17,3.828079
2-9,1.884621
18-39,0.951651
29-39,1.338344
15-15,2.604302
41-12,1.679424
7-33,1.173017
24-2,1.389954
2-36,1.885026
17-36,1.022081
11-21,1.231228
19-19,-0.863922
32-37,0.797099
35-26,2.129134
11-4,1.231186
35-40,2.126265
17-9,1.019457
20-16,0.076489
24-8,1.390073
39-21,1.453933
28-20,1.240971
10-2,1.699623
26-25,2.658902
13-31,1.679488
42-9,3.190199
24-11,1.389324
19-39,-0.864407
33-5,5.992039
20-24,0.07651
28-32,1.248682
10-11,1.699059
36-40,2.591461
35-14,2.126563
19-14,-0.863921
36-11,2.591453
29-18,1.343075
15-16,2.636014
15-17,2.606956
22-28,1.810306
32-15,0.797119
3-26,2.402626
27-30,1.325282
13-27,2.967908
9-4,-2.063209
29-20,1.344387
3-8,2.402889
19-9,-0.86392
22-1,1.80672
26-16,2.665998
20-12,0.076499
19-27,-0.862776
21-23,1.2831
17-33,1.019451
18-29,0.952069
24-36,1.389761
2-1,1.884978
9-12,-2.061518
30-16,0.874892
30-15,0.868483
10-1,1.699917
25-24,2.14425
7-3,1.173021
21-9,1.283111
35-3,2.142843
32-3,0.807291
17-19,1.019457
12-39,1.091818
16-33,0.87906
26-36,2.668453
18-30,0.952064
19-1,-0.75077
24-25,1.390505
20-1,0.076522
21-4,1.283094
18-11,0.952126
33-7,5.9925
28-30,1.241071
11-10,1.231185
9-33,-2.064136
22-14,1.810645
17-21,1.019458
6-14,1.179975
34-34,1.383599
30-24,0.931417
16-1,0.879094
11-23,1.231209
39-36,1.469733
29-11,1.347951
6-30,1.180258
5-3,1.516312
22-22,1.806732
10-20,1.699647
42-31,3.134226
25-1,2.144364
21-12,1.283102
37-7,3.848669
16-21,0.877447
6-10,1.180023
35-2,2.128996
32-14,0.797114
3-4,2.402877
39-35,1.610926
25-25,2.143914
24-4,1.390085
15-33,2.608418
14-40,1.906183
6-12,1.180006
42-1,3.113363
26-39,2.672869
17-28,1.019459
17-35,1.019009
41-15,1.65893
29-10,1.343073
39-28,1.4596
25-19,2.144363
9-32,-2.064073
22-21,1.810561
28-35,1.239491
3-40,2.402884
16-12,0.877273
5-1,1.51629
24-31,1.391667
14-30,1.90397
3-31,2.402975
19-23,-0.863926
11-40,1.231185
30-19,0.953113
33-6,5.992492
15-38,2.608455
38-23,1.452474
6-1,1.180016
18-20,0.951858
41-1,1.670028
11-19,1.23119
32-22,0.797114
12-17,1.091852
40-40,1.431871
41-26,1.691703
19-13,-0.863924
38-5,1.461218
39-7,1.47537
5-11,1.51704
42-40,3.104366
40-7,1.48183
34-39,1.397246
17-30,1.019454
34-36,1.380984
40-10,1.428865
40-9,1.607831
26-6,2.662529
2-20,1.885212
15-23,2.607603
5-4,1.51631
31-18,3.024094
1-32,1.381544
12-6,1.093903
14-21,1.901835
27-37,1.311476
19-2,-0.863922
26-22,2.662582
35-13,2.142249
33-3,5.992631
24-5,1.389658
27-32,1.315746
39-3,1.448515
11-33,1.231208
6-11,1.179115
22-6,1.811743
35-30,2.143772
14-35,1.905866
38-21,1.414708
37-20,3.846914
13-40,1.621125
20-28,0.076473
4-6,3.439353
37-4,3.83845
6-4,1.179118
19-15,-0.863919
2-11,1.884817
26-27,2.667671
37-2,3.844915
14-2,1.906855
13-1,1.621231
20-6,0.07961
7-27,1.172503
11-7,1.231206
26-14,2.700771
26-5,2.672693
26-28,2.674684
14-31,1.906132
16-19,0.879065
34-30,1.391388
30-9,0.893753
35-22,2.138206
15-21,2.608769
24-12,1.389671
30-33,0.897875
39-12,1.453642
27-23,1.314399
26-31,2.680248
28-34,1.241002
24-6,1.390089
19-28,-0.86282
12-19,1.091816
21-3,1.283096
38-27,1.420788
34-22,1.415111
6-15,1.180008
17-23,1.019006
4-15,3.439333
39-11,1.456924
28-13,1.240974
36-24,2.591462
3-10,2.402879
36-23,2.591465
5-36,1.516304
33-39,5.992228
39-20,1.467672
32-38,0.800403
34-23,1.382474
19-38,-0.855327
39-34,1.461447
18-19,0.950187
1-13,1.365545
1-16,1.365524
40-30,1.645515
1-19,1.365542
21-27,1.282715
30-25,0.935937
4-27,3.441088
37-25,3.847528
35-27,2.137265
15-7,2.608782
3-1,2.404376
10-12,1.698787
21-13,1.283156
10-15,1.700789
40-3,1.45635
9-5,-2.063217
37-10,3.828288
21-33,1.28286
12-24,1.093806
33-15,5.992227
1-36,1.36555
19-8,-0.863676
12-29,1.091892
22-35,1.810789
33-1,5.99223
12-33,1.0919
31-36,3.022517
3-13,2.402876
41-7,1.652545
10-40,1.699649
11-30,1.231294
10-31,1.697812
2-4,1.885026
6-17,1.180006
20-19,0.076491
17-7,1.019012
18-32,0.952062
33-26,5.992193
27-28,1.341599
38-28,1.422019
41-37,1.647987
13-30,1.682479
18-26,0.951824
28-26,1.241071
16-35,0.877447
15-20,2.606467
9-18,-2.064126
21-17,1.282577
26-29,2.698686
36-37,2.590959
21-16,1.281465
42-30,3.034895
14-7,1.928342
41-34,1.668058
9-23,-2.061255
38-17,1.420558
31-16,2.991588
27-2,1.301405
17-22,1.019007
34-21,1.374342
22-33,1.810118
37-33,3.84396
42-10,3.110164
20-40,0.078861
18-25,0.95178
33-23,5.992235
12-23,1.091838
7-36,1.173147
22-40,1.806739
31-40,3.010298
15-2,2.606941
25-13,2.144274
12-27,1.091899
29-8,1.347469
40-28,1.433039
28-28,1.241069
42-35,3.017306
18-5,0.95171
9-19,-2.064134
39-10,1.482786
4-32,3.441892
2-32,1.885199
11-3,1.231221
16-7,0.877316
10-4,1.699651
14-13,1.904923
