File ID,Temperature (K),G,Pressure (bar),theta
1,77,-0.22339356,1,0.811547689
1,77,-0.22339356,2,0.895971653
1,77,-0.22339356,3,0.928156516
1,77,-0.22339356,4,0.945131908
1,77,-0.22339356,5,0.955618501
1,100,-0.01568775,1,0.519727738
1,100,-0.01568775,2,0.6839748
1,100,-0.01568775,3,0.764509563
1,100,-0.01568775,4,0.812333771
1,100,-0.01568775,5,0.844012292
1,273,1.34600895,1,0.077176242
1,273,1.34600895,2,0.143293621
1,273,1.34600895,3,0.200570215
1,273,1.34600895,4,0.250668101
1,273,1.34600895,5,0.294857297
1,298.15,1.51606416,1,0.071818439
1,298.15,1.51606416,2,0.134012321
1,298.15,1.51606416,3,0.188394866
1,298.15,1.51606416,4,0.236350733
1,298.15,1.51606416,5,0.278955577
1,400,2.15173179,1,0.062546203
1,400,2.15173179,2,0.11772891
1,400,2.15173179,3,0.166776176
1,400,2.15173179,4,0.210657359
1,400,2.15173179,5,0.250147828
1,500,2.70519561,1,0.061635849
1,500,2.70519561,2,0.116114861
1,500,2.70519561,3,0.164615158
1,500,2.70519561,4,0.208069733
1,500,2.70519561,5,0.24722705
1,600,3.200301,1,0.063902217
1,600,3.200301,2,0.12012799
1,600,3.200301,3,0.169982176
1,600,3.200301,4,0.214489756
1,600,3.200301,5,0.254467052
1,700,3.64646061,1,0.067757648
1,700,3.64646061,2,0.126915781
1,700,3.64646061,3,0.179013831
1,700,3.64646061,4,0.225244482
1,700,3.64646061,5,0.266546093
2,77,-0.37587849,1,0.921052809
2,77,-0.37587849,2,0.958904206
2,77,-0.37587849,3,0.972222288
2,77,-0.37587849,4,0.979021029
2,77,-0.37587849,5,0.983146108
2,100,-0.21209838,1,0.744107903
2,100,-0.21209838,2,0.853281958
2,100,-0.21209838,3,0.897158399
2,100,-0.21209838,4,0.920833394
2,100,-0.21209838,5,0.935647806
2,273,0.82329312,1,0.179796313
2,273,0.82329312,2,0.304792126
2,273,0.82329312,3,0.396728351
2,273,0.82329312,4,0.467188788
2,273,0.82329312,5,0.5229114
2,298.15,0.94565757,1,0.168506221
2,298.15,0.94565757,2,0.288413049
2,298.15,0.94565757,3,0.378095706
2,298.15,0.94565757,4,0.447702775
2,298.15,0.94565757,5,0.503296643
2,400,1.38993465,1,0.148200458
2,400,1.38993465,2,0.258143875
2,400,1.38993465,3,0.342950524
2,400,1.38993465,4,0.410356685
2,400,1.38993465,5,0.465219386
2,500,1.75389045,1,0.146119643
2,500,1.75389045,2,0.254981483
2,500,1.75389045,3,0.339224271
2,500,1.75389045,4,0.406350989
2,500,1.75389045,5,0.461096937
2,600,2.06011533,1,0.150844254
2,600,2.06011533,2,0.262145383
2,600,2.06011533,3,0.347650578
2,600,2.06011533,4,0.415396494
2,600,2.06011533,5,0.470395461
2,700,2.31802194,1,0.15888301
2,700,2.31802194,2,0.274200258
2,700,2.31802194,3,0.361709911
2,700,2.31802194,4,0.430388011
2,700,2.31802194,5,0.485722707
3,77,-0.07028112,1,0.612861563
3,77,-0.07028112,2,0.759967969
3,77,-0.07028112,3,0.826061727
3,77,-0.07028112,4,0.863615682
3,77,-0.07028112,5,0.887832981
3,100,0.26794677,1,0.20611586
3,100,0.26794677,2,0.341784511
3,100,0.26794677,3,0.43785136
3,100,0.26794677,4,0.509447692
3,100,0.26794677,5,0.56486706
3,273,3.05785623,1,0.003550498
3,273,3.05785623,2,0.007075874
3,273,3.05785623,3,0.010576392
3,273,3.05785623,4,0.014052315
3,273,3.05785623,5,0.017503901
3,298.15,3.47954295,1,0.002805402
3,298.15,3.47954295,2,0.005595107
3,298.15,3.47954295,3,0.008369247
3,298.15,3.47954295,4,0.011127951
3,298.15,3.47954295,5,0.013871349
3,400,5.21398059,1,0.001413719
3,400,5.21398059,2,0.002823447
3,400,5.21398059,3,0.0042292
3,400,5.21398059,4,0.005630995
3,400,5.21398059,5,0.007028849
3,500,6.94465317,1,0.000920117
3,500,6.94465317,2,0.001838543
3,500,6.94465317,3,0.002755282
3,500,6.94465317,4,0.003670338
3,500,6.94465317,5,0.004583717
3,600,8.6972886,1,0.000678356
3,600,8.6972886,2,0.001355793
3,600,8.6972886,3,0.002032312
3,600,8.6972886,4,0.002707915
3,600,8.6972886,5,0.003382604
3,700,10.46561178,1,0.000539491
3,700,10.46561178,2,0.0010784
3,700,10.46561178,3,0.001616728
3,700,10.46561178,4,0.002154476
3,700,10.46561178,5,0.002691645
4,77,-0.28990962,1,0.869307139
4,77,-0.28990962,2,0.930084865
4,77,-0.28990962,3,0.95227774
4,77,-0.28990962,4,0.963776134
4,77,-0.28990962,5,0.970809428
4,100,-0.10228413,1,0.625923218
4,100,-0.10228413,2,0.769929614
4,100,-0.10228413,3,0.833879977
4,100,-0.10228413,4,0.870011562
4,100,-0.10228413,5,0.893233569
4,273,1.11257523,1,0.113949844
4,273,1.11257523,2,0.204587028
4,273,1.11257523,3,0.27840184
4,273,1.11257523,4,0.339679946
4,273,1.11257523,5,0.391365205
4,298.15,1.2612951,1,0.106306066
4,298.15,1.2612951,2,0.192182017
4,298.15,1.2612951,3,0.263000995
4,298.15,1.2612951,4,0.322403819
4,298.15,1.2612951,5,0.372945047
4,400,1.81099386,1,0.092914844
4,400,1.81099386,2,0.17003126
4,400,1.81099386,3,0.235062871
4,400,1.81099386,4,0.29064396
4,400,1.81099386,5,0.338695034
4,500,2.28037134,1,0.091513732
4,500,2.28037134,2,0.167682237
4,500,2.28037134,3,0.23206663
4,500,2.28037134,4,0.287205255
4,500,2.28037134,5,0.334956269
4,600,2.6920179,1,0.094659454
4,600,2.6920179,2,0.172947766
4,600,2.6920179,3,0.238773939
4,600,2.6920179,4,0.294894233
4,600,2.6920179,5,0.343307911
4,700,3.05471868,1,0.100090689
4,700,3.05471868,2,0.181968069
4,700,3.05471868,3,0.250188907
4,700,3.05471868,4,0.307906911
4,700,3.05471868,5,0.357374147
5,77,300.3739768,1,0
5,77,300.3739768,2,0
5,77,300.3739768,3,0
5,77,300.3739768,4,0
5,77,300.3739768,5,0
5,100,300.7197348,1,0
5,100,300.7197348,2,0
5,100,300.7197348,3,0
5,100,300.7197348,4,0
5,100,300.7197348,5,0
5,273,304.2268882,1,2.70E-244
5,273,304.2268882,2,5.40E-244
5,273,304.2268882,3,8.10E-244
5,273,304.2268882,4,1.08E-243
5,273,304.2268882,5,1.35E-243
5,298.15,304.8882837,1,3.11E-224
5,298.15,304.8882837,2,6.21E-224
5,298.15,304.8882837,3,9.32E-224
5,298.15,304.8882837,4,1.24E-223
5,298.15,304.8882837,5,1.55E-223
5,400,307.9197845,1,5.58E-169
5,400,307.9197845,2,1.12E-168
5,400,307.9197845,3,1.67E-168
5,400,307.9197845,4,2.23E-168
5,400,307.9197845,5,2.79E-168
5,500,311.3453616,1,7.94E-137
5,500,311.3453616,2,1.59E-136
5,500,311.3453616,3,2.38E-136
5,500,311.3453616,4,3.18E-136
5,500,311.3453616,5,3.97E-136
5,600,315.1072841,1,1.63E-115
5,600,315.1072841,2,3.26E-115
5,600,315.1072841,3,4.90E-115
5,600,315.1072841,4,6.53E-115
5,600,315.1072841,5,8.16E-115
5,700,319.1214655,1,2.28E-100
5,700,319.1214655,2,4.56E-100
5,700,319.1214655,3,6.83E-100
5,700,319.1214655,4,9.11E-100
5,700,319.1214655,5,1.14E-99
6,77,0.65386542,1,0.013739331
6,77,0.65386542,2,0.027106239
6,77,0.65386542,3,0.040115667
6,77,0.65386542,4,0.052781764
6,77,0.65386542,5,0.065117945
6,100,1.0730421,1,0.004494874
6,100,1.0730421,2,0.008949522
6,100,1.0730421,3,0.01336448
6,100,1.0730421,4,0.017740277
6,100,1.0730421,5,0.022077431
6,273,4.20494451,1,0.000429805
6,273,4.20494451,2,0.00085924
6,273,4.20494451,3,0.001288306
6,273,4.20494451,4,0.001717005
6,273,4.20494451,5,0.002145335
6,298.15,4.64106396,1,0.000395872
6,298.15,4.64106396,2,0.000791431
6,298.15,4.64106396,3,0.001186677
6,298.15,4.64106396,4,0.00158161
6,298.15,4.64106396,5,0.001976231
6,400,6.36420642,1,0.00033291
6,400,6.36420642,2,0.000665598
6,400,6.36420642,3,0.000998065
6,400,6.36420642,4,0.001330311
6,400,6.36420642,5,0.001662336
6,500,7.99133985,1,0.00032104
6,500,7.99133985,2,0.000641874
6,500,7.99133985,3,0.000962502
6,500,7.99133985,4,0.001282925
6,500,7.99133985,5,0.001603142
6,600,9.56387991,1,0.000328041
6,600,9.56387991,2,0.000655867
6,600,9.56387991,3,0.000983478
6,600,9.56387991,4,0.001310875
6,600,9.56387991,5,0.001638057
6,700,11.08935672,1,0.000344596
6,700,11.08935672,2,0.000688955
6,700,11.08935672,3,0.001033077
6,700,11.08935672,4,0.001376962
6,700,11.08935672,5,0.00172061
7,77,0.19829316,1,0.214831862
7,77,0.19829316,2,0.353681639
7,77,0.19829316,3,0.450802224
7,77,0.19829316,4,0.522547738
7,77,0.19829316,5,0.5777139
7,100,0.5773092,1,0.051885727
7,100,0.5773092,2,0.098652782
7,100,0.5773092,3,0.141023016
7,100,0.5773092,4,0.179588644
7,100,0.5773092,5,0.214840095
7,273,3.2818773,1,0.002352105
7,273,3.2818773,2,0.004693171
7,273,3.2818773,3,0.007023275
7,273,3.2818773,4,0.009342495
7,273,3.2818773,5,0.011650907
7,298.15,3.65022567,1,0.002104631
7,298.15,3.65022567,2,0.004200422
7,298.15,3.65022567,3,0.006287428
7,298.15,3.65022567,4,0.008365704
7,298.15,3.65022567,5,0.010435305
7,400,5.08973361,1,0.001652534
7,400,5.08973361,2,0.003299615
7,400,5.08973361,3,0.00494127
7,400,5.08973361,4,0.006577526
7,400,5.08973361,5,0.00820841
7,500,6.4319775,1,0.001540573
7,500,6.4319775,2,0.003076407
7,500,6.4319775,3,0.004607524
7,500,6.4319775,4,0.006133944
7,500,6.4319775,5,0.00765569
7,600,7.71962802,1,0.001538955
7,600,7.71962802,2,0.00307318
7,600,7.71962802,3,0.004602698
7,600,7.71962802,4,0.00612753
7,600,7.71962802,5,0.007647697
7,700,8.95770525,1,0.001593508
7,700,8.95770525,2,0.003181946
7,700,8.95770525,3,0.004765338
7,700,8.95770525,4,0.006343708
7,700,8.95770525,5,0.007917079
8,77,0.13114959,1,0.297926254
8,77,0.13114959,2,0.459080403
8,77,0.13114959,3,0.560063513
8,77,0.13114959,4,0.629273619
8,77,0.13114959,5,0.679667774
8,100,0.57291663,1,0.052984063
8,100,0.57291663,2,0.10063602
8,100,0.57291663,3,0.143722214
8,100,0.57291663,4,0.182868847
8,100,0.57291663,5,0.218592614
8,273,4.03990938,1,0.000582551
8,273,4.03990938,2,0.001164425
8,273,4.03990938,3,0.001745621
8,273,4.03990938,4,0.002326141
8,273,4.03990938,5,0.002905986
8,298.15,4.5368973,1,0.000471937
8,298.15,4.5368973,2,0.000943429
8,298.15,4.5368973,3,0.001414477
8,298.15,4.5368973,4,0.00188508
8,298.15,4.5368973,5,0.002355241
8,400,6.51857388,1,0.000274159
8,400,6.51857388,2,0.000548168
8,400,6.51857388,3,0.000822027
8,400,6.51857388,4,0.001095736
8,400,6.51857388,5,0.001369295
8,500,8.40926151,1,0.000210823
8,500,8.40926151,2,0.000421558
8,500,8.40926151,3,0.000632203
8,500,8.40926151,4,0.00084276
8,500,8.40926151,5,0.001053228
8,600,10.25225838,1,0.000184174
8,600,10.25225838,2,0.00036828
8,600,10.25225838,3,0.000552319
8,600,10.25225838,4,0.000736289
8,600,10.25225838,5,0.000920192
8,700,12.05070204,1,0.000172669
8,700,12.05070204,2,0.000345279
8,700,12.05070204,3,0.000517829
8,700,12.05070204,4,0.000690319
8,700,12.05070204,5,0.00086275
9,77,0.37713351,1,0.078352785
9,77,0.37713351,2,0.14531939
9,77,0.37713351,3,0.203213644
9,77,0.37713351,4,0.253762211
9,77,0.37713351,5,0.298279732
9,100,0.73920678,1,0.023655605
9,100,0.73920678,2,0.046217898
9,100,0.73920678,3,0.067760962
9,100,0.73920678,4,0.088352336
9,100,0.73920678,5,0.108053721
9,273,3.388554,1,0.001933001
9,273,3.388554,2,0.003858543
9,273,3.388554,3,0.00577667
9,273,3.388554,4,0.007687424
9,273,3.388554,5,0.009590848
9,298.15,3.75313731,1,0.001769617
9,298.15,3.75313731,2,0.003532982
9,298.15,3.75313731,3,0.005290128
9,298.15,3.75313731,4,0.007041087
9,298.15,3.75313731,5,0.008785894
9,400,5.1832326,1,0.001469401
9,400,5.1832326,2,0.00293449
9,400,5.1832326,3,0.004395286
9,400,5.1832326,4,0.005851808
9,400,5.1832326,5,0.007304074
9,500,6.52171143,1,0.001407713
9,500,6.52171143,2,0.002811469
9,500,6.52171143,3,0.004211284
9,500,6.52171143,4,0.005607174
9,500,6.52171143,5,0.006999156
9,600,7.80559689,1,0.001432042
9,600,7.80559689,2,0.002859988
9,600,7.80559689,3,0.004283856
9,600,7.80559689,4,0.005703663
9,600,7.80559689,5,0.007119427
9,700,9.04179159,1,0.001500168
9,700,9.04179159,2,0.002995841
9,700,9.04179159,3,0.004487041
9,700,9.04179159,4,0.005973786
9,700,9.04179159,5,0.007456098
10,77,0.31689255,1,0.11192704
10,77,0.31689255,2,0.201320834
10,77,0.31689255,3,0.274363688
10,77,0.31689255,4,0.335165808
10,77,0.31689255,5,0.386566308
10,100,0.69277104,1,0.029698291
10,100,0.69277104,2,0.057683481
10,100,0.69277104,3,0.084099642
10,100,0.69277104,4,0.109075129
10,100,0.69277104,5,0.132724671
10,273,3.42181203,1,0.001818256
10,273,3.42181203,2,0.003629913
10,273,3.42181203,3,0.005435005
10,273,3.42181203,4,0.007233568
10,273,3.42181203,5,0.009025638
10,298.15,3.79580799,1,0.001646841
10,298.15,3.79580799,2,0.003288266
10,298.15,3.79580799,3,0.004924303
10,298.15,3.79580799,4,0.006554978
10,298.15,3.79580799,5,0.008180317
10,400,5.26041633,1,0.001333597
10,400,5.26041633,2,0.002663642
10,400,5.26041633,3,0.003990149
10,400,5.26041633,4,0.005313132
10,400,5.26041633,5,0.006632605
10,500,6.63152568,1,0.001260592
10,500,6.63152568,2,0.002518009
10,500,6.63152568,3,0.003772265
10,500,6.63152568,4,0.00502337
10,500,6.63152568,5,0.006271337
10,600,7.94615913,1,0.001272978
10,600,7.94615913,2,0.002542719
10,600,7.94615913,3,0.003809235
10,600,7.94615913,4,0.00507254
10,600,7.94615913,5,0.006332644
10,700,9.21372933,1,0.001325958
10,700,9.21372933,2,0.002648405
10,700,9.21372933,3,0.003967353
10,700,9.21372933,4,0.005282818
10,700,9.21372933,5,0.006594813
11,77,0.35705319,1,0.088370437
11,77,0.35705319,2,0.162390367
11,77,0.35705319,3,0.225292855
11,77,0.35705319,4,0.279407627
11,77,0.35705319,5,0.326455962
11,100,0.81701802,1,0.016114074
11,100,0.81701802,2,0.031717057
11,100,0.81701802,3,0.046832885
11,100,0.81701802,4,0.061484022
11,100,0.81701802,5,0.075691572
11,273,4.43900574,1,0.000279218
11,273,4.43900574,2,0.00055828
11,273,4.43900574,3,0.000837187
11,273,4.43900574,4,0.001115938
11,273,4.43900574,5,0.001394533
11,298.15,4.95858402,1,0.000231664
11,298.15,4.95858402,2,0.000463221
11,298.15,4.95858402,3,0.00069467
11,298.15,4.95858402,4,0.000926012
11,298.15,4.95858402,5,0.001157247
11,400,7.02873951,1,0.000144309
11,400,7.02873951,2,0.000288577
11,400,7.02873951,3,0.000432803
11,400,7.02873951,4,0.000576988
11,400,7.02873951,5,0.000721131
11,500,9.00602352,1,0.000115636
11,500,9.00602352,2,0.000231246
11,500,9.00602352,3,0.000346828
11,500,9.00602352,4,0.000462384
11,500,9.00602352,5,0.000577914
11,600,10.93373424,1,0.000103996
11,600,10.93373424,2,0.00020797
11,600,10.93373424,3,0.000311922
11,600,10.93373424,4,0.000415853
11,600,10.93373424,5,0.000519762
11,700,12.81814677,1,9.95E-05
11,700,12.81814677,2,0.000198887
11,700,12.81814677,3,0.000298301
11,700,12.81814677,4,0.000397695
11,700,12.81814677,5,0.00049707
12,77,-0.05082831,1,0.582297821
12,77,-0.05082831,2,0.736015449
12,77,-0.05082831,3,0.807029927
12,77,-0.05082831,4,0.84793652
12,77,-0.05082831,5,0.87453344
12,100,0.20833332,1,0.259516757
12,100,0.20833332,2,0.412089407
12,100,0.20833332,3,0.512530015
12,100,0.20833332,4,0.583659087
12,100,0.20833332,5,0.636673753
12,273,1.95281112,1,0.026597589
12,273,1.95281112,2,0.051816972
12,273,1.95281112,3,0.075762565
12,273,1.95281112,4,0.098528496
12,273,1.95281112,5,0.120199842
12,298.15,2.17934223,1,0.024633973
12,298.15,2.17934223,2,0.04808346
12,298.15,2.17934223,3,0.070431886
12,298.15,2.17934223,4,0.091755021
12,298.15,2.17934223,5,0.112121841
12,400,3.03965844,1,0.021364432
12,400,3.03965844,2,0.041835081
12,400,3.03965844,3,0.061466885
12,400,3.03965844,4,0.08031037
12,400,3.03965844,5,0.098412085
12,500,3.81337827,1,0.021075828
12,500,3.81337827,2,0.041281612
12,500,3.81337827,3,0.060670137
12,500,3.81337827,4,0.079290004
12,500,3.81337827,5,0.097186035
12,600,4.52936718,1,0.021899101
12,600,4.52936718,2,0.042859615
12,600,4.52936718,3,0.062940618
12,600,4.52936718,4,0.082196328
12,600,4.52936718,5,0.100676598
12,700,5.19641031,1,0.02329364
12,700,5.19641031,2,0.045526795
12,700,5.19641031,3,0.066770275
12,700,5.19641031,4,0.087088721
12,700,5.19641031,5,0.106541265
13,77,0.20331324,1,0.209349091
13,77,0.20331324,2,0.3462178
13,77,0.20331324,3,0.442692661
13,77,0.20331324,4,0.514356295
13,77,0.20331324,5,0.569689521
13,100,0.54718872,1,0.059869946
13,100,0.54718872,2,0.112976023
13,100,0.54718872,3,0.160403178
13,100,0.54718872,4,0.203016095
13,100,0.54718872,5,0.241512393
13,273,2.94553194,1,0.004363784
13,273,2.94553194,2,0.008689648
13,273,2.94553194,3,0.012978084
13,273,2.94553194,4,0.017229577
13,273,2.94553194,5,0.021444601
13,298.15,3.26681706,1,0.004012492
13,298.15,3.26681706,2,0.007992913
13,298.15,3.26681706,3,0.011941645
13,298.15,3.26681706,4,0.015859066
13,298.15,3.26681706,5,0.019745546
13,400,4.51618947,1,0.003394593
13,400,4.51618947,2,0.006766218
13,400,4.51618947,3,0.010115107
13,400,4.51618947,4,0.013441488
13,400,4.51618947,5,0.016745589
13,500,5.67143538,1,0.00330654
13,500,5.67143538,2,0.006591286
13,500,5.67143538,3,0.009854452
13,500,5.67143538,4,0.013096251
13,500,5.67143538,5,0.016316891
13,600,6.76957788,1,0.003407975
13,600,6.76957788,2,0.006792799
13,600,6.76957788,3,0.01015471
13,600,6.76957788,4,0.013493937
13,600,6.76957788,5,0.016810711
13,700,7.8187746,1,0.003606595
13,700,7.8187746,2,0.007187269
13,700,7.8187746,3,0.0107423
13,700,7.8187746,4,0.014271962
13,700,7.8187746,5,0.017776526
14,77,1.42821276,1,8.83E-05
14,77,1.42821276,2,0.000176566
14,77,1.42821276,3,0.000264826
14,77,1.42821276,4,0.00035307
14,77,1.42821276,5,0.000441299
14,100,1.72063242,1,0.00017345
14,100,1.72063242,2,0.00034684
14,100,1.72063242,3,0.000520169
14,100,1.72063242,4,0.000693439
14,100,1.72063242,5,0.000866648
14,273,3.70356402,1,0.001082431
14,273,3.70356402,2,0.002162521
14,273,3.70356402,3,0.003240278
14,273,3.70356402,4,0.00431571
14,273,3.70356402,5,0.005388823
14,298.15,3.96272565,1,0.001242977
14,298.15,3.96272565,2,0.002482868
14,298.15,3.96272565,3,0.003719685
14,298.15,3.96272565,4,0.004953438
14,298.15,3.96272565,5,0.006184139
14,400,4.95481896,1,0.001957662
14,400,4.95481896,2,0.003907673
14,400,4.95481896,3,0.00585008
14,400,4.95481896,4,0.007784926
14,400,4.95481896,5,0.009712255
14,500,5.85404079,1,0.002752907
14,500,5.85404079,2,0.005490699
14,500,5.85404079,3,0.0082135
14,500,5.85404079,4,0.010921432
14,500,5.85404079,5,0.013614618
14,600,6.69427668,1,0.003629364
14,600,6.69427668,2,0.007232479
14,600,6.69427668,3,0.010809629
14,600,6.69427668,4,0.014361092
14,600,6.69427668,5,0.017887146
14,700,7.48305675,1,0.004586639
14,700,7.48305675,2,0.009131395
14,700,7.48305675,3,0.01363484
14,700,7.48305675,4,0.018097535
14,700,7.48305675,5,0.022520029
15,77,0.13052208,1,0.298784838
15,77,0.13052208,2,0.460099055
15,77,0.13052208,3,0.561073816
15,77,0.13052208,4,0.630229919
15,77,0.13052208,5,0.68056007
15,100,0.45431724,1,0.092251559
15,100,0.45431724,2,0.168919986
15,100,0.45431724,3,0.23364622
15,100,0.45431724,4,0.289018902
15,100,0.45431724,5,0.336928921
15,273,2.70205806,1,0.006818986
15,273,2.70205806,2,0.013545605
15,273,2.70205806,3,0.020181721
15,273,2.70205806,4,0.026729148
15,273,2.70205806,5,0.033189653
15,298.15,3.00138033,1,0.006266381
15,298.15,3.00138033,2,0.012454715
15,298.15,3.00138033,3,0.018566453
15,298.15,3.00138033,4,0.024603007
15,298.15,3.00138033,5,0.030565757
15,400,4.16101881,1,0.005297003
15,400,4.16101881,2,0.010538185
15,400,4.16101881,3,0.015724425
15,400,4.16101881,4,0.02085658
15,400,4.16101881,5,0.025935494
15,500,5.22841332,1,0.005154997
15,500,5.22841332,2,0.010257119
15,500,5.22841332,3,0.015307175
15,500,5.22841332,4,0.020305958
15,500,5.22841332,5,0.025254244
15,600,6.23870442,1,0.005309498
15,600,6.23870442,2,0.010562911
15,600,6.23870442,3,0.015761125
15,600,6.23870442,4,0.020905005
15,600,6.23870442,5,0.025995398
15,700,7.20004974,1,0.005615797
15,700,7.20004974,2,0.011168871
15,700,7.20004974,3,0.016660269
15,700,7.20004974,4,0.022091011
15,700,7.20004974,5,0.027462097
16,77,1.30082823,1,0.00020298
16,77,1.30082823,2,0.000405877
16,77,1.30082823,3,0.000608692
16,77,1.30082823,4,0.000811425
16,77,1.30082823,5,0.001014076
16,100,1.65599889,1,0.000240112
16,100,1.65599889,2,0.000480108
16,100,1.65599889,3,0.000719989
16,100,1.65599889,4,0.000959755
16,100,1.65599889,5,0.001199406
16,273,4.2607929,1,0.000387772
16,273,4.2607929,2,0.000775243
16,273,4.2607929,3,0.001162414
16,273,4.2607929,4,0.001549285
16,273,4.2607929,5,0.001935857
16,298.15,4.61910111,1,0.000410817
16,298.15,4.61910111,2,0.000821297
16,298.15,4.61910111,3,0.001231441
16,298.15,4.61910111,4,0.001641247
16,298.15,4.61910111,5,0.002050717
16,400,6.02535102,1,0.000509809
16,400,6.02535102,2,0.001019098
16,400,6.02535102,3,0.001527868
16,400,6.02535102,4,0.002036121
16,400,6.02535102,5,0.002543856
16,500,7.34061198,1,0.000617855
16,500,7.34061198,2,0.001234948
16,500,7.34061198,3,0.001851278
16,500,7.34061198,4,0.002466849
16,500,7.34061198,5,0.003081661
16,600,8.60190708,1,0.000734817
16,600,8.60190708,2,0.001468554
16,600,8.60190708,3,0.002201215
16,600,8.60190708,4,0.002932802
16,600,8.60190708,5,0.003663316
16,700,9.81488391,1,0.000861048
16,700,9.81488391,2,0.001720615
16,700,9.81488391,3,0.002578704
16,700,9.81488391,4,0.003435319
16,700,9.81488391,5,0.004290464
17,77,0.2572791,1,0.156887193
17,77,0.2572791,2,0.271222974
17,77,0.2572791,3,0.35825145
17,77,0.2572791,4,0.426711883
17,77,0.2572791,5,0.48197386
17,100,0.6149598,1,0.043317455
17,100,0.6149598,2,0.083037918
17,100,0.6149598,3,0.11959156
17,100,0.6149598,4,0.153342587
17,100,0.6149598,5,0.184601419
17,273,3.22853895,1,0.002594506
17,273,3.22853895,2,0.005175583
17,273,3.22853895,3,0.007743336
17,273,3.22853895,4,0.010297869
17,273,3.22853895,5,0.012839281
17,298.15,3.58684716,1,0.002341717
17,298.15,3.58684716,2,0.004672491
17,298.15,3.58684716,3,0.006992401
17,298.15,3.58684716,4,0.009301522
17,298.15,3.58684716,5,0.011599928
17,400,4.98744948,1,0.001879065
17,400,4.98744948,2,0.003751082
17,400,4.98744948,3,0.00561609
17,400,4.98744948,4,0.007474128
17,400,4.98744948,5,0.009325235
17,500,6.29455281,1,0.001768709
17,500,6.29455281,2,0.003531172
17,500,6.29455281,3,0.005287423
17,500,6.29455281,4,0.007037494
17,500,6.29455281,5,0.008781418
17,600,7.54580775,1,0.001780083
17,600,7.54580775,2,0.00355384
17,600,7.54580775,3,0.005321304
17,600,7.54580775,4,0.007082509
17,600,7.54580775,5,0.008837489
17,700,8.74874442,1,0.001851348
17,700,8.74874442,2,0.003695854
17,700,8.74874442,3,0.005533556
17,700,8.74874442,4,0.00736449
17,700,8.74874442,5,0.009188695
18,77,8.73995928,1,1.55E-25
18,77,8.73995928,2,3.11E-25
18,77,8.73995928,3,4.66E-25
18,77,8.73995928,4,6.21E-25
18,77,8.73995928,5,7.77E-25
18,100,9.12274038,1,1.15E-20
18,100,9.12274038,2,2.30E-20
18,100,9.12274038,3,3.45E-20
18,100,9.12274038,4,4.60E-20
18,100,9.12274038,5,5.75E-20
18,273,11.92520004,1,2.83E-10
18,273,11.92520004,2,5.67E-10
18,273,11.92520004,3,8.50E-10
18,273,11.92520004,4,1.13E-09
18,273,11.92520004,5,1.42E-09
18,298.15,12.31049118,1,9.45E-10
18,298.15,12.31049118,2,1.89E-09
18,298.15,12.31049118,3,2.83E-09
18,298.15,12.31049118,4,3.78E-09
18,298.15,12.31049118,5,4.72E-09
18,400,13.82279028,1,2.80E-08
18,400,13.82279028,2,5.60E-08
18,400,13.82279028,3,8.40E-08
18,400,13.82279028,4,1.12E-07
18,400,13.82279028,5,1.40E-07
18,500,15.24096288,1,2.18E-07
18,500,15.24096288,2,4.35E-07
18,500,15.24096288,3,6.53E-07
18,500,15.24096288,4,8.70E-07
18,500,15.24096288,5,1.09E-06
18,600,16.60328709,1,8.95E-07
18,600,16.60328709,2,1.79E-06
18,600,16.60328709,3,2.68E-06
18,600,16.60328709,4,3.58E-06
18,600,16.60328709,5,4.47E-06
18,700,17.91917556,1,2.54E-06
18,700,17.91917556,2,5.08E-06
18,700,17.91917556,3,7.62E-06
18,700,17.91917556,4,1.02E-05
18,700,17.91917556,5,1.27E-05
19,77,0.00564759,1,0.490772899
19,77,0.00564759,2,0.658414034
19,77,0.00564759,3,0.743015225
19,77,0.00564759,4,0.794028536
19,77,0.00564759,5,0.828143314
19,100,0.44678712,1,0.09547451
19,100,0.44678712,2,0.174307132
19,100,0.44678712,3,0.240500244
19,100,0.44678712,4,0.296868047
19,100,0.44678712,5,0.345447013
19,273,3.96084312,1,0.000673901
19,273,3.96084312,2,0.001346895
19,273,3.96084312,3,0.002018983
19,273,3.96084312,4,0.002690166
19,273,3.96084312,5,0.003360448
19,298.15,4.46912622,1,0.000529104
19,298.15,4.46912622,2,0.001057649
19,298.15,4.46912622,3,0.001585634
19,298.15,4.46912622,4,0.002113062
19,298.15,4.46912622,5,0.002639933
19,400,6.49347348,1,0.000282953
19,400,6.49347348,2,0.000565746
19,400,6.49347348,3,0.000848379
19,400,6.49347348,4,0.001130852
19,400,6.49347348,5,0.001413166
19,500,8.42934183,1,0.000206606
19,500,8.42934183,2,0.000413126
19,500,8.42934183,3,0.000619562
19,500,8.42934183,4,0.000825912
19,500,8.42934183,5,0.001032176
19,600,10.31689191,1,0.000174457
19,600,10.31689191,2,0.000348853
19,600,10.31689191,3,0.000523188
19,600,10.31689191,4,0.000697462
19,600,10.31689191,5,0.000871676
19,700,12.16177131,1,0.000159419
19,700,12.16177131,2,0.000318787
19,700,12.16177131,3,0.000478105
19,700,12.16177131,4,0.000637372
19,700,12.16177131,5,0.000796588
20,77,-38.89432482,1,1
20,77,-38.89432482,2,1
20,77,-38.89432482,3,1
20,77,-38.89432482,4,1
20,77,-38.89432482,5,1
20,100,-38.49209091,1,1
20,100,-38.49209091,2,1
20,100,-38.49209091,3,1
20,100,-38.49209091,4,1
20,100,-38.49209091,5,1
20,273,-35.51455596,1,1
20,273,-35.51455596,2,1
20,273,-35.51455596,3,1
20,273,-35.51455596,4,1
20,273,-35.51455596,5,1
20,298.15,-35.10228189,1,1
20,298.15,-35.10228189,2,1
20,298.15,-35.10228189,3,1
20,298.15,-35.10228189,4,1
20,298.15,-35.10228189,5,1
20,400,-33.4839336,1,1
20,400,-33.4839336,2,1
20,400,-33.4839336,3,1
20,400,-33.4839336,4,1
20,400,-33.4839336,5,1
20,500,-31.9653594,1,1
20,500,-31.9653594,2,1
20,500,-31.9653594,3,1
20,500,-31.9653594,4,1
20,500,-31.9653594,5,1
20,600,-30.50137857,1,1
20,600,-30.50137857,2,1
20,600,-30.50137857,3,1
20,600,-30.50137857,4,1
20,600,-30.50137857,5,1
20,700,-29.08571601,1,0.999999999
20,700,-29.08571601,2,1
20,700,-29.08571601,3,1
20,700,-29.08571601,4,1
20,700,-29.08571601,5,1
21,77,0.38529114,1,0.074588014
21,77,0.38529114,2,0.138821601
21,77,0.38529114,3,0.194716942
21,77,0.38529114,4,0.243798678
21,77,0.38529114,5,0.287241098
21,100,0.78878007,1,0.018529218
21,100,0.78878007,2,0.036384264
21,100,0.78878007,3,0.053601274
21,100,0.78878007,4,0.070213848
21,100,0.78878007,5,0.086253266
21,273,3.75439233,1,0.000985708
21,273,3.75439233,2,0.001969475
21,273,3.75439233,3,0.002951306
21,273,3.75439233,4,0.003931208
21,273,3.75439233,5,0.004909185
21,298.15,4.16478387,1,0.000884086
21,298.15,4.16478387,2,0.001766609
21,298.15,4.16478387,3,0.002647575
21,298.15,4.16478387,4,0.003526988
21,298.15,4.16478387,5,0.004404851
21,400,5.77622955,1,0.00069735
21,400,5.77622955,2,0.001393728
21,400,5.77622955,3,0.002089136
21,400,5.77622955,4,0.002783576
21,400,5.77622955,5,0.00347705
21,500,7.29103869,1,0.000649446
21,500,7.29103869,2,0.00129805
21,500,7.29103869,3,0.001945812
21,500,7.29103869,4,0.002592734
21,500,7.29103869,5,0.003238819
21,600,8.75125446,1,0.000648354
21,600,8.75125446,2,0.001295868
21,600,8.75125446,3,0.001942544
21,600,8.75125446,4,0.002588382
21,600,8.75125446,5,0.003233386
21,700,10.16377947,1,0.000670149
21,700,10.16377947,2,0.0013394
21,700,10.16377947,3,0.002007756
21,700,10.16377947,4,0.002675217
21,700,10.16377947,5,0.003341787
22,77,54.06939915,1,3.32E-154
22,77,54.06939915,2,6.65E-154
22,77,54.06939915,3,9.97E-154
22,77,54.06939915,4,1.33E-153
22,77,54.06939915,5,1.66E-153
22,100,54.47665314,1,8.54E-120
22,100,54.47665314,2,1.71E-119
22,100,54.47665314,3,2.56E-119
22,100,54.47665314,4,3.42E-119
22,100,54.47665314,5,4.27E-119
22,273,57.53827443,1,8.59E-47
22,273,57.53827443,2,1.72E-46
22,273,57.53827443,3,2.58E-46
22,273,57.53827443,4,3.44E-46
22,273,57.53827443,5,4.29E-46
22,298.15,57.95870613,1,3.25E-43
22,298.15,57.95870613,2,6.50E-43
22,298.15,57.95870613,3,9.74E-43
22,298.15,57.95870613,4,1.30E-42
22,298.15,57.95870613,5,1.62E-42
22,400,59.60027229,1,2.71E-33
22,400,59.60027229,2,5.42E-33
22,400,59.60027229,3,8.13E-33
22,400,59.60027229,4,1.08E-32
22,400,59.60027229,5,1.36E-32
22,500,61.13076918,1,1.89E-27
22,500,61.13076918,2,3.79E-27
22,500,61.13076918,3,5.68E-27
22,500,61.13076918,4,7.58E-27
22,500,61.13076918,5,9.47E-27
22,600,62.59600503,1,1.58E-23
22,600,62.59600503,2,3.15E-23
22,600,62.59600503,3,4.73E-23
22,600,62.59600503,4,6.30E-23
22,600,62.59600503,5,7.88E-23
22,700,64.00539249,1,1.04E-20
22,700,64.00539249,2,2.07E-20
22,700,64.00539249,3,3.11E-20
22,700,64.00539249,4,4.14E-20
22,700,64.00539249,5,5.18E-20
23,77,-45.94879224,1,1
23,77,-45.94879224,2,1
23,77,-45.94879224,3,1
23,77,-45.94879224,4,1
23,77,-45.94879224,5,1
23,100,-45.69214065,1,1
23,100,-45.69214065,2,1
23,100,-45.69214065,3,1
23,100,-45.69214065,4,1
23,100,-45.69214065,5,1
23,273,-44.19176424,1,1
23,273,-44.19176424,2,1
23,273,-44.19176424,3,1
23,273,-44.19176424,4,1
23,273,-44.19176424,5,1
23,298.15,-44.02861164,1,1
23,298.15,-44.02861164,2,1
23,298.15,-44.02861164,3,1
23,298.15,-44.02861164,4,1
23,298.15,-44.02861164,5,1
23,400,-43.47138276,1,1
23,400,-43.47138276,2,1
23,400,-43.47138276,3,1
23,400,-43.47138276,4,1
23,400,-43.47138276,5,1
23,500,-43.0597362,1,1
23,500,-43.0597362,2,1
23,500,-43.0597362,3,1
23,500,-43.0597362,4,1
23,500,-43.0597362,5,1
23,600,-42.75288381,1,1
23,600,-42.75288381,2,1
23,600,-42.75288381,3,1
23,600,-42.75288381,4,1
23,600,-42.75288381,5,1
23,700,-42.53137278,1,1
23,700,-42.53137278,2,1
23,700,-42.53137278,3,1
23,700,-42.53137278,4,1
23,700,-42.53137278,5,1
24,77,-72.13478454,1,1
24,77,-72.13478454,2,1
24,77,-72.13478454,3,1
24,77,-72.13478454,4,1
24,77,-72.13478454,5,1
24,100,-71.89005564,1,1
24,100,-71.89005564,2,1
24,100,-71.89005564,3,1
24,100,-71.89005564,4,1
24,100,-71.89005564,5,1
24,273,-70.12361499,1,1
24,273,-70.12361499,2,1
24,273,-70.12361499,3,1
24,273,-70.12361499,4,1
24,273,-70.12361499,5,1
24,298.15,-69.97301259,1,1
24,298.15,-69.97301259,2,1
24,298.15,-69.97301259,3,1
24,298.15,-69.97301259,4,1
24,298.15,-69.97301259,5,1
24,400,-69.34424757,1,1
24,400,-69.34424757,2,1
24,400,-69.34424757,3,1
24,400,-69.34424757,4,1
24,400,-69.34424757,5,1
24,500,-68.91440322,1,1
24,500,-68.91440322,2,1
24,500,-68.91440322,3,1
24,500,-68.91440322,4,1
24,500,-68.91440322,5,1
24,600,-68.66088918,1,1
24,600,-68.66088918,2,1
24,600,-68.66088918,3,1
24,600,-68.66088918,4,1
24,600,-68.66088918,5,1
24,700,-68.43498558,1,1
24,700,-68.43498558,2,1
24,700,-68.43498558,3,1
24,700,-68.43498558,4,1
24,700,-68.43498558,5,1
25,77,-60.0715323,1,1
25,77,-60.0715323,2,1
25,77,-60.0715323,3,1
25,77,-60.0715323,4,1
25,77,-60.0715323,5,1
25,100,-59.76530742,1,1
25,100,-59.76530742,2,1
25,100,-59.76530742,3,1
25,100,-59.76530742,4,1
25,100,-59.76530742,5,1
25,273,-58.32579948,1,1
25,273,-58.32579948,2,1
25,273,-58.32579948,3,1
25,273,-58.32579948,4,1
25,273,-58.32579948,5,1
25,298.15,-58.22100531,1,1
25,298.15,-58.22100531,2,1
25,298.15,-58.22100531,3,1
25,298.15,-58.22100531,4,1
25,298.15,-58.22100531,5,1
25,400,-57.74911779,1,1
25,400,-57.74911779,2,1
25,400,-57.74911779,3,1
25,400,-57.74911779,4,1
25,400,-57.74911779,5,1
25,500,-57.53325435,1,1
25,500,-57.53325435,2,1
25,500,-57.53325435,3,1
25,500,-57.53325435,4,1
25,500,-57.53325435,5,1
25,600,-57.34751139,1,1
25,600,-57.34751139,2,1
25,600,-57.34751139,3,1
25,600,-57.34751139,4,1
25,600,-57.34751139,5,1
25,700,-57.41151741,1,1
25,700,-57.41151741,2,1
25,700,-57.41151741,3,1
25,700,-57.41151741,4,1
25,700,-57.41151741,5,1
26,77,0.98205315,1,0.001628136
26,77,0.98205315,2,0.003250979
26,77,0.98205315,3,0.004868555
26,77,0.98205315,4,0.006480889
26,77,0.98205315,5,0.008088007
26,100,1.27070775,1,0.001666924
26,100,1.27070775,2,0.0033283
26,100,1.27070775,3,0.004984156
26,100,1.27070775,4,0.006634518
26,100,1.27070775,5,0.008279415
26,273,3.23481405,1,0.002564742
26,273,3.23481405,2,0.005116361
26,273,3.23481405,3,0.007654959
26,273,3.23481405,4,0.010180634
26,273,3.23481405,5,0.012693486
26,298.15,3.49334817,1,0.00274096
26,298.15,3.49334817,2,0.005466936
26,298.15,3.49334817,3,0.00817805
26,298.15,3.49334817,4,0.010874423
26,298.15,3.49334817,5,0.013556175
26,400,4.49171658,1,0.003500371
26,400,4.49171658,2,0.006976323
26,400,4.49171658,3,0.01042811
26,400,4.49171658,4,0.013855982
26,400,4.49171658,5,0.017260189
26,500,5.40411612,1,0.004323003
26,500,5.40411612,2,0.008608789
26,500,5.40411612,3,0.012857839
26,500,5.40411612,4,0.017070621
26,500,5.40411612,5,0.021247599
26,600,6.2625498,1,0.005204904
26,600,6.2625498,2,0.010355906
26,600,6.2625498,3,0.01545384
26,600,6.2625498,4,0.020499521
26,600,6.2625498,5,0.025493748
26,700,7.07517525,1,0.006140067
26,700,7.07517525,2,0.012205194
26,700,7.07517525,3,0.018196744
26,700,7.07517525,4,0.024116047
26,700,7.07517525,5,0.029964404
27,77,-15.85215762,1,1
27,77,-15.85215762,2,1
27,77,-15.85215762,3,1
27,77,-15.85215762,4,1
27,77,-15.85215762,5,1
27,100,-15.41352813,1,1
27,100,-15.41352813,2,1
27,100,-15.41352813,3,1
27,100,-15.41352813,4,1
27,100,-15.41352813,5,1
27,273,-12.20820705,1,1
27,273,-12.20820705,2,1
27,273,-12.20820705,3,1
27,273,-12.20820705,4,1
27,273,-12.20820705,5,1
27,298.15,-11.77083258,1,0.999999998
27,298.15,-11.77083258,2,0.999999999
27,298.15,-11.77083258,3,0.999999999
27,298.15,-11.77083258,4,0.999999999
27,298.15,-11.77083258,5,1
27,400,-10.06212285,1,0.999996824
27,400,-10.06212285,2,0.999998412
27,400,-10.06212285,3,0.999998941
27,400,-10.06212285,4,0.999999206
27,400,-10.06212285,5,0.999999365
27,500,-8.4651099,1,0.999800699
27,500,-8.4651099,2,0.999900339
27,500,-8.4651099,3,0.999933557
27,500,-8.4651099,4,0.999950167
27,500,-8.4651099,5,0.999960133
27,600,-6.93210297,1,0.997025045
27,600,-6.93210297,2,0.998510307
27,600,-6.93210297,3,0.999006378
27,600,-6.93210297,4,0.999254598
27,600,-6.93210297,5,0.99940359
27,700,-5.45055186,1,0.98052054
27,700,-5.45055186,2,0.990164475
27,700,-5.45055186,3,0.993421415
27,700,-5.45055186,4,0.995057933
27,700,-5.45055186,5,0.996042435
28,77,-67.59161214,1,1
28,77,-67.59161214,2,1
28,77,-67.59161214,3,1
28,77,-67.59161214,4,1
28,77,-67.59161214,5,1
28,100,-67.22702883,1,1
28,100,-67.22702883,2,1
28,100,-67.22702883,3,1
28,100,-67.22702883,4,1
28,100,-67.22702883,5,1
28,273,-64.83558822,1,1
28,273,-64.83558822,2,1
28,273,-64.83558822,3,1
28,273,-64.83558822,4,1
28,273,-64.83558822,5,1
28,298.15,-64.54818864,1,1
28,298.15,-64.54818864,2,1
28,298.15,-64.54818864,3,1
28,298.15,-64.54818864,4,1
28,298.15,-64.54818864,5,1
28,400,-63.50840457,1,1
28,400,-63.50840457,2,1
28,400,-63.50840457,3,1
28,400,-63.50840457,4,1
28,400,-63.50840457,5,1
28,500,-62.65310844,1,1
28,500,-62.65310844,2,1
28,500,-62.65310844,3,1
28,500,-62.65310844,4,1
28,500,-62.65310844,5,1
28,600,-61.92645186,1,1
28,600,-61.92645186,2,1
28,600,-61.92645186,3,1
28,600,-61.92645186,4,1
28,600,-61.92645186,5,1
28,700,-61.30521696,1,1
28,700,-61.30521696,2,1
28,700,-61.30521696,3,1
28,700,-61.30521696,4,1
28,700,-61.30521696,5,1
29,77,-9.44465301,1,1
29,77,-9.44465301,2,1
29,77,-9.44465301,3,1
29,77,-9.44465301,4,1
29,77,-9.44465301,5,1
29,100,-9.10015002,1,1
29,100,-9.10015002,2,1
29,100,-9.10015002,3,1
29,100,-9.10015002,4,1
29,100,-9.10015002,5,1
29,273,-6.64344837,1,0.999995201
29,273,-6.64344837,2,0.9999976
29,273,-6.64344837,3,0.9999984
29,273,-6.64344837,4,0.9999988
29,273,-6.64344837,5,0.99999904
29,298.15,-6.31337811,1,0.999976462
29,298.15,-6.31337811,2,0.999988231
29,298.15,-6.31337811,3,0.999992154
29,298.15,-6.31337811,4,0.999994115
29,298.15,-6.31337811,5,0.999995292
29,400,-5.02698261,1,0.99821195
29,400,-5.02698261,2,0.999105175
29,400,-5.02698261,3,0.999403272
29,400,-5.02698261,4,0.999552387
29,400,-5.02698261,5,0.999641878
29,500,-3.83659614,1,0.979400971
29,500,-3.83659614,2,0.989593301
29,500,-3.83659614,3,0.993038051
29,500,-3.83659614,4,0.994769434
29,500,-3.83659614,5,0.995811165
29,600,-2.70519561,1,0.906283567
29,600,-2.70519561,2,0.950838146
29,600,-2.70519561,3,0.966679397
29,600,-2.70519561,4,0.974799625
29,600,-2.70519561,5,0.979737576
29,700,-1.62336837,1,0.762626802
29,700,-1.62336837,2,0.86532986
29,700,-1.62336837,3,0.906000254
29,700,-1.62336837,4,0.927803579
29,700,-1.62336837,5,0.941396673
30,77,175.2371876,1,0
30,77,175.2371876,2,0
30,77,175.2371876,3,0
30,77,175.2371876,4,0
30,77,175.2371876,5,0
30,100,175.6971524,1,0
30,100,175.6971524,2,0
30,100,175.6971524,3,0
30,100,175.6971524,4,0
30,100,175.6971524,5,0
30,273,179.4314644,1,2.21E-144
30,273,179.4314644,2,4.42E-144
30,273,179.4314644,3,6.63E-144
30,273,179.4314644,4,8.84E-144
30,273,179.4314644,5,1.11E-143
30,298.15,179.9742606,1,1.16E-132
30,298.15,179.9742606,2,2.32E-132
30,298.15,179.9742606,3,3.48E-132
30,298.15,179.9742606,4,4.64E-132
30,298.15,179.9742606,5,5.80E-132
30,400,182.1410526,1,2.98E-100
30,400,182.1410526,2,5.96E-100
30,400,182.1410526,3,8.95E-100
30,400,182.1410526,4,1.19E-99
30,400,182.1410526,5,1.49E-99
30,500,184.2149732,1,2.97E-81
30,500,184.2149732,2,5.94E-81
30,500,184.2149732,3,8.92E-81
30,500,184.2149732,4,1.19E-80
30,500,184.2149732,5,1.49E-80
30,600,186.2418305,1,1.43E-68
30,600,186.2418305,2,2.86E-68
30,600,186.2418305,3,4.30E-68
30,600,186.2418305,4,5.73E-68
30,600,186.2418305,5,7.16E-68
30,700,188.2266446,1,1.69E-59
30,700,188.2266446,2,3.38E-59
30,700,188.2266446,3,5.07E-59
30,700,188.2266446,4,6.76E-59
30,700,188.2266446,5,8.45E-59
31,77,-6.15022551,1,1
31,77,-6.15022551,2,1
31,77,-6.15022551,3,1
31,77,-6.15022551,4,1
31,77,-6.15022551,5,1
31,100,-5.77622955,1,1
31,100,-5.77622955,2,1
31,100,-5.77622955,3,1
31,100,-5.77622955,4,1
31,100,-5.77622955,5,1
31,273,-3.10805703,1,0.996762319
31,273,-3.10805703,2,0.998378534
31,273,-3.10805703,3,0.998918438
31,273,-3.10805703,4,0.999188609
31,273,-3.10805703,5,0.999350782
31,298.15,-2.74723878,1,0.99040892
31,298.15,-2.74723878,2,0.995181352
31,298.15,-2.74723878,3,0.9967824
31,298.15,-2.74723878,4,0.997584857
31,298.15,-2.74723878,5,0.998066952
31,400,-1.33910634,1,0.843543618
31,400,-1.33910634,2,0.915132801
31,400,-1.33910634,3,0.941774729
31,400,-1.33910634,4,0.955685998
31,400,-1.33910634,5,0.964231792
31,500,-0.02949297,1,0.507420937
31,500,-0.02949297,2,0.673230582
31,500,-0.02949297,3,0.755524704
31,500,-0.02949297,4,0.804707479
31,500,-0.02949297,5,0.837415683
31,600,1.22113446,1,0.264196529
31,600,1.22113446,2,0.417967497
31,600,1.22113446,3,0.518577066
31,600,1.22113446,4,0.589530434
31,600,1.22113446,5,0.642255719
31,700,2.4221886,1,0.149128323
31,700,2.4221886,2,0.259550339
31,700,2.4221886,3,0.344604412
31,700,2.4221886,4,0.412131743
31,700,2.4221886,5,0.467043787
32,77,-45.72728121,1,1
32,77,-45.72728121,2,1
32,77,-45.72728121,3,1
32,77,-45.72728121,4,1
32,77,-45.72728121,5,1
32,100,-45.35454027,1,1
32,100,-45.35454027,2,1
32,100,-45.35454027,3,1
32,100,-45.35454027,4,1
32,100,-45.35454027,5,1
32,273,-41.93712081,1,1
32,273,-41.93712081,2,1
32,273,-41.93712081,3,1
32,273,-41.93712081,4,1
32,273,-41.93712081,5,1
32,298.15,-41.45770317,1,1
32,298.15,-41.45770317,2,1
32,298.15,-41.45770317,3,1
32,298.15,-41.45770317,4,1
32,298.15,-41.45770317,5,1
32,400,-39.62286393,1,1
32,400,-39.62286393,2,1
32,400,-39.62286393,3,1
32,400,-39.62286393,4,1
32,400,-39.62286393,5,1
32,500,-37.95996243,1,1
32,500,-37.95996243,2,1
32,500,-37.95996243,3,1
32,500,-37.95996243,4,1
32,500,-37.95996243,5,1
32,600,-36.3579294,1,1
32,600,-36.3579294,2,1
32,600,-36.3579294,3,1
32,600,-36.3579294,4,1
32,600,-36.3579294,5,1
32,700,-34.87135821,1,1
32,700,-34.87135821,2,1
32,700,-34.87135821,3,1
32,700,-34.87135821,4,1
32,700,-34.87135821,5,1
33,77,-11.60705247,1,1
33,77,-11.60705247,2,1
33,77,-11.60705247,3,1
33,77,-11.60705247,4,1
33,77,-11.60705247,5,1
33,100,-11.23117398,1,1
33,100,-11.23117398,2,1
33,100,-11.23117398,3,1
33,100,-11.23117398,4,1
33,100,-11.23117398,5,1
33,273,-8.31136995,1,0.999999778
33,273,-8.31136995,2,0.999999889
33,273,-8.31136995,3,0.999999926
33,273,-8.31136995,4,0.999999945
33,273,-8.31136995,5,0.999999956
33,298.15,-7.90474347,1,0.999998396
33,298.15,-7.90474347,2,0.999999198
33,298.15,-7.90474347,3,0.999999465
33,298.15,-7.90474347,4,0.999999599
33,298.15,-7.90474347,5,0.999999679
33,400,-6.39307188,1,0.99967896
33,400,-6.39307188,2,0.999839454
33,400,-6.39307188,3,0.999892964
33,400,-6.39307188,4,0.999919721
33,400,-6.39307188,5,0.999935775
33,500,-4.92783603,1,0.99303644
33,500,-4.92783603,2,0.996506055
33,500,-4.92783603,3,0.997667987
33,500,-4.92783603,4,0.99824997
33,500,-4.92783603,5,0.998599486
33,600,-3.57931704,1,0.952676979
33,600,-3.57931704,2,0.975765054
33,600,-3.57931704,3,0.983711788
33,600,-3.57931704,4,0.987733893
33,600,-3.57931704,5,0.990162982
33,700,-2.20569765,1,0.830025227
33,700,-2.20569765,2,0.907118891
33,700,-2.20569765,3,0.936100921
33,700,-2.20569765,4,0.951297683
33,700,-2.20569765,5,0.960654907
34,77,-30.02509848,1,1
34,77,-30.02509848,2,1
34,77,-30.02509848,3,1
34,77,-30.02509848,4,1
34,77,-30.02509848,5,1
34,100,-29.743974,1,1
34,100,-29.743974,2,1
34,100,-29.743974,3,1
34,100,-29.743974,4,1
34,100,-29.743974,5,1
34,273,-28.08044499,1,1
34,273,-28.08044499,2,1
34,273,-28.08044499,3,1
34,273,-28.08044499,4,1
34,273,-28.08044499,5,1
34,298.15,-27.89156448,1,1
34,298.15,-27.89156448,2,1
34,298.15,-27.89156448,3,1
34,298.15,-27.89156448,4,1
34,298.15,-27.89156448,5,1
34,400,-27.21322617,1,1
34,400,-27.21322617,2,1
34,400,-27.21322617,3,1
34,400,-27.21322617,4,1
34,400,-27.21322617,5,1
34,500,-26.65223223,1,1
34,500,-26.65223223,2,1
34,500,-26.65223223,3,1
34,500,-26.65223223,4,1
34,500,-26.65223223,5,1
34,600,-26.16465696,1,1
34,600,-26.16465696,2,1
34,600,-26.16465696,3,1
34,600,-26.16465696,4,1
34,600,-26.16465696,5,1
34,700,-25.73230257,1,0.999999991
34,700,-25.73230257,2,0.999999995
34,700,-25.73230257,3,0.999999997
34,700,-25.73230257,4,0.999999998
34,700,-25.73230257,5,0.999999998
35,77,-38.73870234,1,1
35,77,-38.73870234,2,1
35,77,-38.73870234,3,1
35,77,-38.73870234,4,1
35,77,-38.73870234,5,1
35,100,-38.47138308,1,1
35,100,-38.47138308,2,1
35,100,-38.47138308,3,1
35,100,-38.47138308,4,1
35,100,-38.47138308,5,1
35,273,-36.95029884,1,1
35,273,-36.95029884,2,1
35,273,-36.95029884,3,1
35,273,-36.95029884,4,1
35,273,-36.95029884,5,1
35,298.15,-36.78338118,1,1
35,298.15,-36.78338118,2,1
35,298.15,-36.78338118,3,1
35,298.15,-36.78338118,4,1
35,298.15,-36.78338118,5,1
35,400,-36.19163925,1,1
35,400,-36.19163925,2,1
35,400,-36.19163925,3,1
35,400,-36.19163925,4,1
35,400,-36.19163925,5,1
35,500,-35.7115941,1,1
35,500,-35.7115941,2,1
35,500,-35.7115941,3,1
35,500,-35.7115941,4,1
35,500,-35.7115941,5,1
35,600,-35.30183007,1,1
35,600,-35.30183007,2,1
35,600,-35.30183007,3,1
35,600,-35.30183007,4,1
35,600,-35.30183007,5,1
35,700,-34.94414937,1,1
35,700,-34.94414937,2,1
35,700,-34.94414937,3,1
35,700,-34.94414937,4,1
35,700,-34.94414937,5,1
36,77,-36.04919448,1,1
36,77,-36.04919448,2,1
36,77,-36.04919448,3,1
36,77,-36.04919448,4,1
36,77,-36.04919448,5,1
36,100,-35.72351679,1,1
36,100,-35.72351679,2,1
36,100,-35.72351679,3,1
36,100,-35.72351679,4,1
36,100,-35.72351679,5,1
36,273,-33.59814042,1,1
36,273,-33.59814042,2,1
36,273,-33.59814042,3,1
36,273,-33.59814042,4,1
36,273,-33.59814042,5,1
36,298.15,-33.30070068,1,1
36,298.15,-33.30070068,2,1
36,298.15,-33.30070068,3,1
36,298.15,-33.30070068,4,1
36,298.15,-33.30070068,5,1
36,400,-32.34563046,1,1
36,400,-32.34563046,2,1
36,400,-32.34563046,3,1
36,400,-32.34563046,4,1
36,400,-32.34563046,5,1
36,500,-31.48719678,1,1
36,500,-31.48719678,2,1
36,500,-31.48719678,3,1
36,500,-31.48719678,4,1
36,500,-31.48719678,5,1
36,600,-30.78250305,1,1
36,600,-30.78250305,2,1
36,600,-30.78250305,3,1
36,600,-30.78250305,4,1
36,600,-30.78250305,5,1
36,700,-30.18887859,1,1
36,700,-30.18887859,2,1
36,700,-30.18887859,3,1
36,700,-30.18887859,4,1
36,700,-30.18887859,5,1
37,77,-11.41691694,1,1
37,77,-11.41691694,2,1
37,77,-11.41691694,3,1
37,77,-11.41691694,4,1
37,77,-11.41691694,5,1
37,100,-11.11069206,1,1
37,100,-11.11069206,2,1
37,100,-11.11069206,3,1
37,100,-11.11069206,4,1
37,100,-11.11069206,5,1
37,273,-9.10266006,1,0.999999948
37,273,-9.10266006,2,0.999999974
37,273,-9.10266006,3,0.999999983
37,273,-9.10266006,4,0.999999987
37,273,-9.10266006,5,0.99999999
37,298.15,-8.85040104,1,0.999999675
37,298.15,-8.85040104,2,0.999999837
37,298.15,-8.85040104,3,0.999999892
37,298.15,-8.85040104,4,0.999999919
37,298.15,-8.85040104,5,0.999999935
37,400,-7.90223343,1,0.999951911
37,400,-7.90223343,2,0.999975955
37,400,-7.90223343,3,0.99998397
37,400,-7.90223343,4,0.999987977
37,400,-7.90223343,5,0.999990382
37,500,-7.0594875,1,0.999180236
37,500,-7.0594875,2,0.99958995
37,500,-7.0594875,3,0.999726596
37,500,-7.0594875,4,0.999794933
37,500,-7.0594875,5,0.99983594
37,600,-6.28325763,1,0.994884263
37,600,-6.28325763,2,0.997435572
37,600,-6.28325763,3,0.998288919
37,600,-6.28325763,4,0.99871614
37,600,-6.28325763,5,0.998972648
37,700,-5.55848358,1,0.981948703
37,700,-5.55848358,2,0.990892147
37,700,-5.55848358,3,0.993909608
37,700,-5.55848358,4,0.99542524
37,700,-5.55848358,5,0.996336841
38,77,-15.5936235,1,1
38,77,-15.5936235,2,1
38,77,-15.5936235,3,1
38,77,-15.5936235,4,1
38,77,-15.5936235,5,1
38,100,-15.17256429,1,1
38,100,-15.17256429,2,1
38,100,-15.17256429,3,1
38,100,-15.17256429,4,1
38,100,-15.17256429,5,1
38,273,-12.07203738,1,1
38,273,-12.07203738,2,1
38,273,-12.07203738,3,1
38,273,-12.07203738,4,1
38,273,-12.07203738,5,1
38,298.15,-11.64470307,1,0.999999997
38,298.15,-11.64470307,2,0.999999999
38,298.15,-11.64470307,3,0.999999999
38,298.15,-11.64470307,4,0.999999999
38,298.15,-11.64470307,5,0.999999999
38,400,-9.96799635,1,0.999996425
38,400,-9.96799635,2,0.999998212
38,400,-9.96799635,3,0.999998808
38,400,-9.96799635,4,0.999999106
38,400,-9.96799635,5,0.999999285
38,500,-8.39294625,1,0.999785687
38,500,-8.39294625,2,0.999892832
38,500,-8.39294625,3,0.999928552
38,500,-8.39294625,4,0.999946413
38,500,-8.39294625,5,0.99995713
38,600,-6.87437205,1,0.996877902
38,600,-6.87437205,2,0.99843651
38,600,-6.87437205,3,0.99895713
38,600,-6.87437205,4,0.999217644
38,600,-6.87437205,5,0.999374017
38,700,-5.4028611,1,0.97985474
38,700,-5.4028611,2,0.98982488
38,700,-5.4028611,3,0.993193501
38,700,-5.4028611,4,0.994886424
38,700,-5.4028611,5,0.995904951
39,77,-7.58847843,1,1
39,77,-7.58847843,2,1
39,77,-7.58847843,3,1
39,77,-7.58847843,4,1
39,77,-7.58847843,5,1
39,100,-7.19314713,1,1
39,100,-7.19314713,2,1
39,100,-7.19314713,3,1
39,100,-7.19314713,4,1
39,100,-7.19314713,5,1
39,273,-4.33923165,1,0.999664417
39,273,-4.33923165,2,0.99983218
39,273,-4.33923165,3,0.999888114
39,273,-4.33923165,4,0.999916083
39,273,-4.33923165,5,0.999932865
39,298.15,-3.94954794,1,0.9987291
39,298.15,-3.94954794,2,0.999364146
39,298.15,-3.94954794,3,0.999576007
39,298.15,-3.94954794,4,0.999681972
39,298.15,-3.94954794,5,0.999745561
39,400,-2.42156109,1,0.954642235
39,400,-2.42156109,2,0.976794851
39,400,-2.42156109,3,0.984409306
39,400,-2.42156109,4,0.988261225
39,400,-2.42156109,5,0.990586881
39,500,-0.99083829,1,0.730531505
39,500,-0.99083829,2,0.844285704
39,500,-0.99083829,3,0.890507275
39,500,-0.99083829,4,0.91556932
39,500,-0.99083829,5,0.931295299
39,600,0.3827811,1,0.420414707
39,600,0.3827811,2,0.59196051
39,600,0.3827811,3,0.685149918
39,600,0.3827811,4,0.74368743
39,600,0.3827811,5,0.783870608
39,700,1.70808222,1,0.226524481
39,700,1.70808222,2,0.369376209
39,700,1.70808222,3,0.467687918
39,700,1.70808222,4,0.539480979
39,700,1.70808222,5,0.594209978
40,77,-23.08923045,1,1
40,77,-23.08923045,2,1
40,77,-23.08923045,3,1
40,77,-23.08923045,4,1
40,77,-23.08923045,5,1
40,100,-22.70895939,1,1
40,100,-22.70895939,2,1
40,100,-22.70895939,3,1
40,100,-22.70895939,4,1
40,100,-22.70895939,5,1
40,273,-20.14558104,1,1
40,273,-20.14558104,2,1
40,273,-20.14558104,3,1
40,273,-20.14558104,4,1
40,273,-20.14558104,5,1
40,298.15,-19.81613829,1,1
40,298.15,-19.81613829,2,1
40,298.15,-19.81613829,3,1
40,298.15,-19.81613829,4,1
40,298.15,-19.81613829,5,1
40,400,-18.55672572,1,1
40,400,-18.55672572,2,1
40,400,-18.55672572,3,1
40,400,-18.55672572,4,1
40,400,-18.55672572,5,1
40,500,-17.41528503,1,0.999999976
40,500,-17.41528503,2,0.999999988
40,500,-17.41528503,3,0.999999992
40,500,-17.41528503,4,0.999999994
40,500,-17.41528503,5,0.999999995
40,600,-16.33973289,1,0.999998884
40,600,-16.33973289,2,0.999999442
40,600,-16.33973289,3,0.999999628
40,600,-16.33973289,4,0.999999721
40,600,-16.33973289,5,0.999999777
40,700,-15.31814661,1,0.999983516
40,700,-15.31814661,2,0.999991758
40,700,-15.31814661,3,0.999994505
40,700,-15.31814661,4,0.999995879
40,700,-15.31814661,5,0.999996703
41,77,404.8493717,1,0
41,77,404.8493717,2,0
41,77,404.8493717,3,0
41,77,404.8493717,4,0
41,77,404.8493717,5,0
41,100,405.3018064,1,0
41,100,405.3018064,2,0
41,100,405.3018064,3,0
41,100,405.3018064,4,0
41,100,405.3018064,5,0
41,273,409.3925441,1,0
41,273,409.3925441,2,0
41,273,409.3925441,3,0
41,273,409.3925441,4,0
41,273,409.3925441,5,0
41,298.15,409.9962087,1,2.75E-301
41,298.15,409.9962087,2,5.51E-301
41,298.15,409.9962087,3,8.26E-301
41,298.15,409.9962087,4,1.10E-300
41,298.15,409.9962087,5,1.38E-300
41,400,412.5043662,1,3.98E-226
41,400,412.5043662,2,7.95E-226
41,400,412.5043662,3,1.19E-225
41,400,412.5043662,4,1.59E-225
41,400,412.5043662,5,1.99E-225
41,500,414.9478901,1,4.09E-182
41,500,414.9478901,2,8.17E-182
41,500,414.9478901,3,1.23E-181
41,500,414.9478901,4,1.63E-181
41,500,414.9478901,5,2.04E-181
41,600,417.3732163,1,9.11E-153
41,600,417.3732163,2,1.82E-152
41,600,417.3732163,3,2.73E-152
41,600,417.3732163,4,3.64E-152
41,600,417.3732163,5,4.55E-152
41,700,419.7803446,1,8.47E-132
41,700,419.7803446,2,1.69E-131
41,700,419.7803446,3,2.54E-131
41,700,419.7803446,4,3.39E-131
41,700,419.7803446,5,4.23E-131
42,77,61.24434849,1,1.43E-174
42,77,61.24434849,2,2.86E-174
42,77,61.24434849,3,4.29E-174
42,77,61.24434849,4,5.72E-174
42,77,61.24434849,5,7.15E-174
42,100,61.57943883,1,2.55E-135
42,100,61.57943883,2,5.11E-135
42,100,61.57943883,3,7.66E-135
42,100,61.57943883,4,1.02E-134
42,100,61.57943883,5,1.28E-134
42,273,63.90373587,1,6.88E-52
42,273,63.90373587,2,1.38E-51
42,273,63.90373587,3,2.06E-51
42,273,63.90373587,4,2.75E-51
42,273,63.90373587,5,3.44E-51
42,298.15,64.21372581,1,8.44E-48
42,298.15,64.21372581,2,1.69E-47
42,298.15,64.21372581,3,2.53E-47
42,298.15,64.21372581,4,3.37E-47
42,298.15,64.21372581,5,4.22E-47
42,400,65.41477995,1,1.80E-36
42,400,65.41477995,2,3.61E-36
42,400,65.41477995,3,5.41E-36
42,400,65.41477995,4,7.21E-36
42,400,65.41477995,5,9.02E-36
42,500,66.5223351,1,8.33E-30
42,500,66.5223351,2,1.67E-29
42,500,66.5223351,3,2.50E-29
42,500,66.5223351,4,3.33E-29
42,500,66.5223351,5,4.17E-29
42,600,67.57404186,1,2.42E-25
42,600,67.57404186,2,4.84E-25
42,600,67.57404186,3,7.27E-25
42,600,67.57404186,4,9.69E-25
42,600,67.57404186,5,1.21E-24
42,700,68.57994039,1,3.86E-22
42,700,68.57994039,2,7.72E-22
42,700,68.57994039,3,1.16E-21
42,700,68.57994039,4,1.54E-21
42,700,68.57994039,5,1.93E-21
43,77,-4.43586819,1,1
43,77,-4.43586819,2,1
43,77,-4.43586819,3,1
43,77,-4.43586819,4,1
43,77,-4.43586819,5,1
43,100,-3.95896059,1,0.999999998
43,100,-3.95896059,2,0.999999999
43,100,-3.95896059,3,0.999999999
43,100,-3.95896059,4,0.999999999
43,100,-3.95896059,5,1
43,273,-0.12612951,1,0.557868962
43,273,-0.12612951,2,0.716194976
43,273,-0.12612951,3,0.791027502
43,273,-0.12612951,4,0.834631246
43,273,-0.12612951,5,0.863179841
43,298.15,0.43172688,1,0.325469887
43,298.15,0.43172688,2,0.491101141
43,298.15,0.43172688,3,0.591426578
43,298.15,0.43172688,4,0.658709362
43,298.15,0.43172688,5,0.706965504
43,400,2.66440746,1,0.033819952
43,400,2.66440746,2,0.065427161
43,400,2.66440746,3,0.095031908
43,400,2.66440746,4,0.122818647
43,400,2.66440746,5,0.148949853
43,500,4.80798162,1,0.007849399
43,500,4.80798162,2,0.015576531
43,500,4.80798162,3,0.023184232
43,500,4.80798162,4,0.030675248
43,500,4.80798162,5,0.038052245
43,600,6.90763008,1,0.003036467
43,600,6.90763008,2,0.00605455
43,600,6.90763008,3,0.009054414
43,600,6.90763008,4,0.012036225
43,600,6.90763008,5,0.015000145
43,700,8.96649039,1,0.001583491
43,700,8.96649039,2,0.003161975
43,700,8.96649039,3,0.004735476
43,700,8.96649039,4,0.006304018
43,700,8.96649039,5,0.007867623
44,77,1.22803707,1,0.000326603
44,77,1.22803707,2,0.000652993
44,77,1.22803707,3,0.000979169
44,77,1.22803707,4,0.001305133
44,77,1.22803707,5,0.001630884
44,100,1.57944267,1,0.000352932
44,100,1.57944267,2,0.000705616
44,100,1.57944267,3,0.00105805
44,100,1.57944267,4,0.001410236
44,100,1.57944267,5,0.001762174
44,273,4.00665135,1,0.000619363
44,273,4.00665135,2,0.001237959
44,273,4.00665135,3,0.00185579
44,273,4.00665135,4,0.002472857
44,273,4.00665135,5,0.003089161
44,298.15,4.32542643,1,0.000674251
44,298.15,4.32542643,2,0.001347593
44,298.15,4.32542643,3,0.002020029
44,298.15,4.32542643,4,0.00269156
44,298.15,4.32542643,5,0.003362187
44,400,5.55095346,1,0.00092565
44,400,5.55095346,2,0.001849588
44,400,5.55095346,3,0.002771818
44,400,5.55095346,4,0.003692346
44,400,5.55095346,5,0.004611176
44,500,6.66980379,1,0.001213005
44,500,6.66980379,2,0.00242307
44,500,6.66980379,3,0.003630207
44,500,6.66980379,4,0.004834426
44,500,6.66980379,5,0.006035737
44,600,7.72527561,1,0.001531693
44,600,7.72527561,2,0.003058701
44,600,7.72527561,3,0.004581046
44,600,7.72527561,4,0.006098748
44,600,7.72527561,5,0.00761183
44,700,8.72991912,1,0.001876528
44,700,8.72991912,2,0.003746027
44,700,8.72991912,3,0.005608536
44,700,8.72991912,4,0.007464094
44,700,8.72991912,5,0.00931274
