File ID,Temperature (K),G,Pressure (bar),theta,V(cm3/g),wt%
1,77,-0.22339356,0.1,0.301011268,550.5998118347162,4.718622621878491
1,77,-0.22339356,0.2,0.462734298,846.4182058735073,7.074429036755305
1,77,-0.22339356,0.3,0.563683584,1031.0712862905798,8.486793328547568
1,77,-0.22339356,0.4,0.63269768,1157.3095780462993,9.427903491671694
1,77,-0.22339356,0.5,0.682860963,1249.0665888862109,10.099896922644907
1,77,-0.22339356,0.6,0.720968858,1318.7722844763744,10.60376730657541
1,77,-0.22339356,0.7,0.750900966,1373.5231020856888,10.995592628682594
1,77,-0.22339356,0.8,0.775033477,1417.6654895251488,11.309006354137662
1,77,-0.22339356,0.9,0.794903098,1454.0103401897663,11.56540501972581
1,77,-0.22339356,1.0,0.811547689,1484.4560731138436,11.779049421679254
1,77,-0.22339356,1.1,0.825693494,1510.331109696363,11.959810462979945
10,77,0.31689255,0.1,0.012446493,22.76671152324474,0.20435396039411308
10,77,0.31689255,0.2,0.024586965,44.97365959930361,0.4028804254874443
10,77,0.31689255,0.3,0.036432564,66.64123577944017,0.5958251441475682
10,77,0.31689255,0.4,0.047993905,87.78885666902426,0.783420271061897
10,77,0.31689255,0.5,0.059281099,108.4350169733685,0.9658852539252791
10,77,0.31689255,0.6,0.070303781,128.59734071439843,1.143427665995176
10,77,0.31689255,0.7,0.081071144,148.29264342232256,1.3162440997143703
10,77,0.31689255,0.8,0.091591955,167.53696140230136,1.4845207387255783
10,77,0.31689255,0.9,0.101874588,186.3456120969506,1.648434174736984
10,77,0.31689255,1.0,0.11192704,204.73322335301,1.8081519257373693
10,77,0.31689255,1.1,0.121756954,222.7137754921792,1.9638330433408389
11,77,0.35705319,0.1,0.009600613,17.554563056434866,0.1576434777210301
11,77,0.35705319,0.2,0.019018636,34.77526329926872,0.31180660644899355
11,77,0.35705319,0.3,0.028259227,51.6715320467148,0.46260335316578255
11,77,0.35705319,0.4,0.037327356,68.25245686207667,0.6101428352081076
11,77,0.35705319,0.5,0.046227804,84.52677972526462,0.754529421837503
11,77,0.35705319,0.6,0.054965181,100.50292994549991,0.8958631367424844
11,77,0.35705319,0.7,0.063543927,116.18902598979815,1.0342397759495414
11,77,0.35705319,0.8,0.071968324,131.59289742477225,1.1697511968910441
11,77,0.35705319,0.9,0.0802425,146.72209223056635,1.3024854712458689
11,77,0.35705319,1.0,0.088370437,161.5838914287249,1.432527096173503
11,77,0.35705319,1.1,0.096355979,176.18532371006037,1.5599571993679353
12,77,-0.05082831,0.1,0.122348963,223.34532800584063,1.9692922443960588
12,77,-0.05082831,0.2,0.218023034,397.9962301892052,3.456012855741654
12,77,-0.05082831,0.3,0.294888328,538.3121256389719,4.618180726294716
12,77,-0.05082831,0.4,0.357994928,653.511829263214,5.551612694381015
12,77,-0.05082831,0.5,0.41073353,749.7849816744814,6.317787800757574
12,77,-0.05082831,0.6,0.455465265,831.4417753315338,6.9579644424240445
12,77,-0.05082831,0.7,0.493884906,901.575980890854,7.500862053525176
12,77,-0.05082831,0.8,0.52724045,962.4657892948144,7.967088189493493
12,77,-0.05082831,0.9,0.556471238,1015.8259467791828,8.371813640867705
12,77,-0.05082831,1.0,0.582297821,1062.9718032700555,8.726454443925805
12,77,-0.05082831,1.1,0.605282155,1104.9291970260272,9.039765813277793
13,77,0.20331324,0.1,0.025795065,47.32992955078485,0.423898750418594
13,77,0.20331324,0.2,0.050292824,92.2795045032847,0.8231645531458393
13,77,0.20331324,0.3,0.073588743,135.0238901092442,1.19988391409839
13,77,0.20331324,0.4,0.095769147,175.72147930810635,1.5559141885452286
13,77,0.20331324,0.5,0.116912286,214.51584867110083,1.892914158838601
13,77,0.20331324,0.6,0.137089259,251.53745379743364,2.2123699026914236
13,77,0.20331324,0.7,0.156364813,286.9050953549311,2.5156167051924614
13,77,0.20331324,0.8,0.174798035,320.72718879233776,2.8038576827662434
13,77,0.20331324,0.9,0.192442958,353.1028762549987,3.0781797527598664
13,77,0.20331324,1.0,0.209349091,384.1229990523709,3.3395673456876227
13,77,0.20331324,1.1,0.225561883,413.8709490258069,3.588914210139873
14,77,1.42821276,0.1,8.83e-06,0.0162384561345931,0.0001460546076284502
14,77,1.42821276,0.2,1.77e-05,0.032550472659377,0.00029277041474179535
14,77,1.42821276,0.3,2.65e-05,0.0487337585013271,0.0004383279490206496
14,77,1.42821276,0.4,3.53e-05,0.0649170443432773,0.0005838850595589643
14,77,1.42821276,0.5,4.41e-05,0.0811003301852274,0.00072944174635859
14,77,1.42821276,0.6,5.3e-05,0.0974675170026543,0.0008766520554303244
14,77,1.42821276,0.7,6.18e-05,0.1136508028446044,0.001022207889942963
14,77,1.42821276,0.8,7.06e-05,0.1298340886865546,0.0011677633007224845
14,77,1.42821276,0.9,7.95e-05,0.1462012755039815,0.0013149723192795542
14,77,1.42821276,1.0,8.83e-05,0.1623845613459316,0.0014605268777832963
14,77,1.42821276,1.1,9.71e-05,0.1785678471878818,0.0016060810125594926
15,77,0.13052208,0.1,0.040868203,75.42539746031784,0.6738332586343114
15,77,0.13052208,0.2,0.078527144,144.92785620213377,1.2867625823797293
15,77,0.13052208,0.3,0.11334056,209.17868070624493,1.8466880470839258
15,77,0.13052208,0.4,0.145619225,268.7514281821604,2.3602000856428216
15,77,0.13052208,0.5,0.175630246,324.1390650477927,2.832839990888923
15,77,0.13052208,0.6,0.203604475,375.7676463429123,3.2693007343356872
15,77,0.13052208,0.7,0.229742455,424.0072895273664,3.6735832685922287
15,77,0.13052208,0.8,0.254219242,469.1810738512463,4.049119637899944
15,77,0.13052208,0.9,0.277188321,511.57226763269153,4.398870500504501
15,77,0.13052208,1.0,0.298784838,551.4302931613282,4.72540350371958
15,77,0.13052208,1.1,0.319128254,588.975624858457,5.030956318317657
16,77,1.30082823,0.1,2.03e-05,0.0370261843038327,0.00033302640746708546
16,77,1.30082823,0.2,4.06e-05,0.0740523686076655,0.0006660505968097964
16,77,1.30082823,0.3,6.09e-05,0.1110785529114983,0.0009990725680502938
16,77,1.30082823,0.4,8.12e-05,0.1481047372153311,0.0013320923212107375
16,77,1.30082823,0.5,0.0001015,0.1851309215191639,0.001665109856313288
16,77,1.30082823,0.6,0.000121798,0.2221534579230653,0.001998092364098512
16,77,1.30082823,0.7,0.000142095,0.2591741703770009,0.0023310562497756314
16,77,1.30082823,0.8,0.00016239,0.2961912349310052,0.0026639851092722104
16,77,1.30082823,0.9,0.000182686,0.3332101234349752,0.002996928156205072
16,77,1.30082823,1.0,0.00020298,0.3702253640390137,0.0033298361776570927
16,77,1.30082823,1.1,0.000223273,0.4072387806930865,0.0036627255784004087
17,77,0.2572791,0.1,0.018268155,33.327808560213114,0.29886703265407627
17,77,0.2572791,0.2,0.035880833,65.45978689172371,0.5853238886637875
17,77,0.2572791,0.3,0.052872692,96.45916388595954,0.8601278459132755
17,77,0.2572791,0.4,0.069275986,126.38478265747162,1.1239757502911591
17,77,0.2572791,0.5,0.085120776,155.29148548524918,1.377510023597322
17,77,0.2572791,0.6,0.100435109,183.23044037430915,1.6213238072224627
17,77,0.2572791,0.7,0.115245183,210.24944207615525,1.8559655846140257
17,77,0.2572791,0.8,0.129575502,236.3931948655741,2.0819433867875476
17,77,0.2572791,0.9,0.143449005,261.70354788390244,2.2997283642393125
17,77,0.2572791,1.0,0.156887193,286.21972683356404,2.509758136718731
17,77,0.2572791,1.1,0.169910238,309.978532834008,2.7124396937959268
18,77,8.73995928,0.1,1.5500000000000002e-26,2.824758110415482e-23,2.5406943653955613e-25
18,77,8.73995928,0.2,3.1100000000000004e-26,5.667740466704611e-23,5.097780307342062e-25
18,77,8.73995928,0.3,4.66e-26,8.492498577120093e-23,7.638474672737621e-25
18,77,8.73995928,0.4,6.210000000000001e-26,1.1317256687535574e-22,1.0179169038133183e-24
18,77,8.73995928,0.5,7.77e-26,1.4160239043824702e-22,1.2736254980079683e-24
18,77,8.73995928,0.6,9.32e-26,1.6984997154240185e-22,1.5276949345475242e-24
18,77,8.73995928,0.7,1.09e-25,1.9864428002276609e-22,1.786681844052362e-24
18,77,8.73995928,0.8,1.24e-25,2.2598064883323845e-22,2.0325554923164483e-24
18,77,8.73995928,0.9,1.4e-25,2.5513944223107574e-22,2.2948207171314744e-24
18,77,8.73995928,1.0,1.55e-25,2.8247581104154813e-22,2.5406943653955604e-24
18,77,8.73995928,1.1,1.71e-25,3.1163460443938536e-22,2.8029595902105865e-24
19,77,0.00564759,0.1,0.08790418,160.4671378799055,1.4227673449937166
19,77,0.00564759,0.2,0.161602799,295.0023381016882,2.5847791262465636
19,77,0.00564759,0.3,0.224281907,409.4216645276385,3.551702221665147
19,77,0.00564759,0.4,0.278241064,507.9229131167552,4.368861635908053
19,77,0.00564759,0.5,0.32518161,593.6118424388882,5.068551063365587
19,77,0.00564759,0.6,0.366389319,668.8356045150263,5.674402142447723
19,77,0.00564759,0.7,0.402853973,735.4010245116754,6.204106114905972
19,77,0.00564759,0.8,0.435349906,794.7216320328102,6.671170118591754
19,77,0.00564759,0.9,0.464491598,847.9191467382285,7.086085068988897
19,77,0.00564759,1.0,0.490772899,895.8950808886898,7.457123039701841
19,77,0.00564759,1.1,0.514595249,939.3822543322434,7.790894459865225
2,77,-0.37587849,0.1,0.538462145,988.4963009443431,8.16496978380866
2,77,-0.37587849,0.2,0.700000513,1285.044685471144,10.360673222816514
2,77,-0.37587849,0.3,0.7777782,1427.8271570142583,11.38084254194173
2,77,-0.37587849,0.4,0.823529767,1511.8168212123005,11.970167046131257
2,77,-0.37587849,0.5,0.853658842,1567.127077401943,12.353996964382482
2,77,-0.37587849,0.6,0.875000267,1606.3051697994715,12.62385753178695
2,77,-0.37587849,0.7,0.890909328,1635.5106545230035,12.823947651838234
2,77,-0.37587849,0.8,0.90322602,1658.1213516628566,12.978227866632269
2,77,-0.37587849,0.9,0.913043672,1676.144369206567,13.100814267897498
2,77,-0.37587849,1.0,0.921052809,1690.847356912892,13.20056345549303
2,77,-0.37587849,1.1,0.927711007,1703.0703221762258,13.283313325346747
20,77,-38.89432482,0.1,1.0,1825.0680993053656,14.100677301494708
20,77,-38.89432482,0.2,1.0,1825.0680993053656,14.100677301494708
20,77,-38.89432482,0.3,1.0,1825.0680993053656,14.100677301494708
20,77,-38.89432482,0.4,1.0,1825.0680993053656,14.100677301494708
20,77,-38.89432482,0.5,1.0,1825.0680993053656,14.100677301494708
20,77,-38.89432482,0.6,1.0,1825.0680993053656,14.100677301494708
20,77,-38.89432482,0.7,1.0,1825.0680993053656,14.100677301494708
20,77,-38.89432482,0.8,1.0,1825.0680993053656,14.100677301494708
20,77,-38.89432482,0.9,1.0,1825.0680993053656,14.100677301494708
20,77,-38.89432482,1.0,1.0,1825.0680993053656,14.100677301494708
20,77,-38.89432482,1.1,1.0,1825.0680993053656,14.100677301494708
21,77,0.38529114,0.1,0.007995535,14.59567243865548,0.13110688675805401
21,77,0.38529114,0.2,0.015864228,28.959797609559157,0.25979866979672034
21,77,0.38529114,0.3,0.023609072,43.09783916806477,0.3861414465322111
21,77,0.38529114,0.4,0.031232969,57.015094651037245,0.5101989637084147
21,77,0.38529114,0.5,0.038738729,70.71669365137464,0.6320326491263338
21,77,0.38529114,0.6,0.046129079,84.20761424730946,0.7517018032061761
21,77,0.38529114,0.7,0.053406659,97.4926757004968,0.8692635766907884
21,77,0.38529114,0.8,0.060574031,110.5765548853157,0.9847731566741492
21,77,0.38529114,0.9,0.067633679,123.463786288869,1.0982838043012428
21,77,0.38529114,1.0,0.074588014,136.1587711383727,1.209846970973505
21,77,0.38529114,1.1,0.081439375,148.66577922663438,1.3195123479949673
22,77,54.06939915,0.1,3.32e-155,6.0526641994387725e-152,5.4439952824433687e-154
22,77,54.06939915,0.2,6.65e-155,1.2123559315140918e-151,1.0904388141038676e-153
22,77,54.06939915,0.3,9.97e-155,1.8176223514579688e-151,1.6348383423482045e-153
22,77,54.06939915,0.4,1.33e-154,2.424711863028184e-151,2.180877628207735e-153
22,77,54.06939915,0.5,1.66e-154,3.0263320997193867e-151,2.7219976412216844e-153
22,77,54.06939915,0.6,1.99e-154,3.6279523364105904e-151,3.263117654235633e-153
22,77,54.06939915,0.7,2.33e-154,4.247803489365163e-151,3.820635243401521e-153
22,77,54.06939915,0.8,2.66e-154,4.849423726056367e-151,4.36175525641547e-153
22,77,54.06939915,0.9,2.9900000000000004e-154,5.45104396274757e-151,4.902875269429421e-153
22,77,54.06939915,1.0,3.32e-154,6.052664199438773e-151,5.443995282443369e-153
22,77,54.06939915,1.1,3.66e-154,6.672515352393348e-151,6.001512871609257e-153
23,77,-45.94879224,0.1,1.0,1830.125130131254,14.134226070495856
23,77,-45.94879224,0.2,1.0,1830.125130131254,14.134226070495856
23,77,-45.94879224,0.3,1.0,1830.125130131254,14.134226070495856
23,77,-45.94879224,0.4,1.0,1830.125130131254,14.134226070495856
23,77,-45.94879224,0.5,1.0,1830.125130131254,14.134226070495856
23,77,-45.94879224,0.6,1.0,1830.125130131254,14.134226070495856
23,77,-45.94879224,0.7,1.0,1830.125130131254,14.134226070495856
23,77,-45.94879224,0.8,1.0,1830.125130131254,14.134226070495856
23,77,-45.94879224,0.9,1.0,1830.125130131254,14.134226070495856
23,77,-45.94879224,1.0,1.0,1830.125130131254,14.134226070495856
23,77,-45.94879224,1.1,1.0,1830.125130131254,14.134226070495856
24,77,-72.13478454,0.1,1.0,1837.9075660335477,14.185804241530759
24,77,-72.13478454,0.2,1.0,1837.9075660335477,14.185804241530759
24,77,-72.13478454,0.3,1.0,1837.9075660335477,14.185804241530759
24,77,-72.13478454,0.4,1.0,1837.9075660335477,14.185804241530759
24,77,-72.13478454,0.5,1.0,1837.9075660335477,14.185804241530759
24,77,-72.13478454,0.6,1.0,1837.9075660335477,14.185804241530759
24,77,-72.13478454,0.7,1.0,1837.9075660335477,14.185804241530759
24,77,-72.13478454,0.8,1.0,1837.9075660335477,14.185804241530759
24,77,-72.13478454,0.9,1.0,1837.9075660335477,14.185804241530759
24,77,-72.13478454,1.0,1.0,1837.9075660335477,14.185804241530759
24,77,-72.13478454,1.1,1.0,1837.9075660335477,14.185804241530759
25,77,-60.0715323,0.1,1.0,1841.9690183670955,14.212696957947054
25,77,-60.0715323,0.2,1.0,1841.9690183670955,14.212696957947054
25,77,-60.0715323,0.3,1.0,1841.9690183670955,14.212696957947054
25,77,-60.0715323,0.4,1.0,1841.9690183670955,14.212696957947054
25,77,-60.0715323,0.5,1.0,1841.9690183670955,14.212696957947054
25,77,-60.0715323,0.6,1.0,1841.9690183670955,14.212696957947054
25,77,-60.0715323,0.7,1.0,1841.9690183670955,14.212696957947054
25,77,-60.0715323,0.8,1.0,1841.9690183670955,14.212696957947054
25,77,-60.0715323,0.9,1.0,1841.9690183670955,14.212696957947054
25,77,-60.0715323,1.0,1.0,1841.9690183670955,14.212696957947054
25,77,-60.0715323,1.1,1.0,1841.9690183670955,14.212696957947054
26,77,0.98205315,0.1,0.000163053,0.3013135689507694,0.0027100548444124167
26,77,0.98205315,0.2,0.000326052,0.6025273486751931,0.005419065360069162
26,77,0.98205315,0.3,0.000488998,0.9036431871219072,0.008127048323228764
26,77,0.98205315,0.4,0.000651891,1.2046610842909116,0.010834003888929139
26,77,0.98205315,0.5,0.000814731,1.505581040182206,0.013539932212137116
26,77,0.98205315,0.6,0.000977518,1.806403054795791,0.01624483344774846
26,77,0.98205315,0.7,0.001140252,2.107127128131667,0.018948707750587896
26,77,0.98205315,0.8,0.001302933,2.407753260189833,0.021651555275409132
26,77,0.98205315,0.9,0.001465561,2.7082814509702886,0.024353376176894887
26,77,0.98205315,1.0,0.001628136,3.008711700473036,0.027054170609656893
26,77,0.98205315,1.1,0.001790658,3.3090440086980726,0.029753938728235958
27,77,-15.85215762,0.1,1.0,1828.949113126141,14.126426613178708
27,77,-15.85215762,0.2,1.0,1828.949113126141,14.126426613178708
27,77,-15.85215762,0.3,1.0,1828.949113126141,14.126426613178708
27,77,-15.85215762,0.4,1.0,1828.949113126141,14.126426613178708
27,77,-15.85215762,0.5,1.0,1828.949113126141,14.126426613178708
27,77,-15.85215762,0.6,1.0,1828.949113126141,14.126426613178708
27,77,-15.85215762,0.7,1.0,1828.949113126141,14.126426613178708
27,77,-15.85215762,0.8,1.0,1828.949113126141,14.126426613178708
27,77,-15.85215762,0.9,1.0,1828.949113126141,14.126426613178708
27,77,-15.85215762,1.0,1.0,1828.949113126141,14.126426613178708
27,77,-15.85215762,1.1,1.0,1828.949113126141,14.126426613178708
28,77,-67.59161214,0.1,1.0,1829.2315838819943,14.12830011555192
28,77,-67.59161214,0.2,1.0,1829.2315838819943,14.12830011555192
28,77,-67.59161214,0.3,1.0,1829.2315838819943,14.12830011555192
28,77,-67.59161214,0.4,1.0,1829.2315838819943,14.12830011555192
28,77,-67.59161214,0.5,1.0,1829.2315838819943,14.12830011555192
28,77,-67.59161214,0.6,1.0,1829.2315838819943,14.12830011555192
28,77,-67.59161214,0.7,1.0,1829.2315838819943,14.12830011555192
28,77,-67.59161214,0.8,1.0,1829.2315838819943,14.12830011555192
28,77,-67.59161214,0.9,1.0,1829.2315838819943,14.12830011555192
28,77,-67.59161214,1.0,1.0,1829.2315838819943,14.12830011555192
28,77,-67.59161214,1.1,1.0,1829.2315838819943,14.12830011555192
29,77,-9.44465301,0.1,1.0,1827.7746065399983,14.118635758806638
29,77,-9.44465301,0.2,1.0,1827.7746065399983,14.118635758806638
29,77,-9.44465301,0.3,1.0,1827.7746065399983,14.118635758806638
29,77,-9.44465301,0.4,1.0,1827.7746065399983,14.118635758806638
29,77,-9.44465301,0.5,1.0,1827.7746065399983,14.118635758806638
29,77,-9.44465301,0.6,1.0,1827.7746065399983,14.118635758806638
29,77,-9.44465301,0.7,1.0,1827.7746065399983,14.118635758806638
29,77,-9.44465301,0.8,1.0,1827.7746065399983,14.118635758806638
29,77,-9.44465301,0.9,1.0,1827.7746065399983,14.118635758806638
29,77,-9.44465301,1.0,1.0,1827.7746065399983,14.118635758806638
29,77,-9.44465301,1.1,1.0,1827.7746065399983,14.118635758806638
3,77,-0.07028112,0.1,0.136669927,251.52473468905492,2.2122605080230584
3,77,-0.07028112,0.2,0.240474255,442.5642459619016,3.8282051789628984
3,77,-0.07028112,0.3,0.321995561,592.5945072874621,5.060304117255782
3,77,-0.07028112,0.4,0.387713415,713.5403960760326,6.03080428872856
3,77,-0.07028112,0.5,0.441817159,813.111897678463,6.815023767502852
3,77,-0.07028112,0.6,0.487135616,896.5151241500943,7.4618989562768006
3,77,-0.07028112,0.7,0.525647915,967.3924268667378,8.004605441798796
3,77,-0.07028112,0.8,0.558780236,1028.36852037967,8.466430234533776
3,77,-0.07028112,0.9,0.587586313,1081.3826767043272,8.864200597735282
3,77,-0.07028112,1.0,0.612861563,1127.89876616159,9.210378681238085
3,77,-0.07028112,1.1,0.63521767,1169.0425203530667,9.514390730267015
30,77,175.2371876,0.1,0.0,0.0,0.0
30,77,175.2371876,0.2,0.0,0.0,0.0
30,77,175.2371876,0.3,0.0,0.0,0.0
30,77,175.2371876,0.4,0.0,0.0,0.0
30,77,175.2371876,0.5,0.0,0.0,0.0
30,77,175.2371876,0.6,0.0,0.0,0.0
30,77,175.2371876,0.7,0.0,0.0,0.0
30,77,175.2371876,0.8,0.0,0.0,0.0
30,77,175.2371876,0.9,0.0,0.0,0.0
30,77,175.2371876,1.0,0.0,0.0,0.0
30,77,175.2371876,1.1,0.0,0.0,0.0
31,77,-6.15022551,0.1,1.0,1829.8471944290343,14.132382902174733
31,77,-6.15022551,0.2,1.0,1829.8471944290343,14.132382902174733
31,77,-6.15022551,0.3,1.0,1829.8471944290343,14.132382902174733
31,77,-6.15022551,0.4,1.0,1829.8471944290343,14.132382902174733
31,77,-6.15022551,0.5,1.0,1829.8471944290343,14.132382902174733
31,77,-6.15022551,0.6,1.0,1829.8471944290343,14.132382902174733
31,77,-6.15022551,0.7,1.0,1829.8471944290343,14.132382902174733
31,77,-6.15022551,0.8,1.0,1829.8471944290343,14.132382902174733
31,77,-6.15022551,0.9,1.0,1829.8471944290343,14.132382902174733
31,77,-6.15022551,1.0,1.0,1829.8471944290343,14.132382902174733
31,77,-6.15022551,1.1,1.0,1829.8471944290343,14.132382902174733
32,77,-45.72728121,0.1,1.0,1830.125130131254,14.134226070495856
32,77,-45.72728121,0.2,1.0,1830.125130131254,14.134226070495856
32,77,-45.72728121,0.3,1.0,1830.125130131254,14.134226070495856
32,77,-45.72728121,0.4,1.0,1830.125130131254,14.134226070495856
32,77,-45.72728121,0.5,1.0,1830.125130131254,14.134226070495856
32,77,-45.72728121,0.6,1.0,1830.125130131254,14.134226070495856
32,77,-45.72728121,0.7,1.0,1830.125130131254,14.134226070495856
32,77,-45.72728121,0.8,1.0,1830.125130131254,14.134226070495856
32,77,-45.72728121,0.9,1.0,1830.125130131254,14.134226070495856
32,77,-45.72728121,1.0,1.0,1830.125130131254,14.134226070495856
32,77,-45.72728121,1.1,1.0,1830.125130131254,14.134226070495856
33,77,-11.60705247,0.1,1.0,1829.5649334748184,14.130510969369874
33,77,-11.60705247,0.2,1.0,1829.5649334748184,14.130510969369874
33,77,-11.60705247,0.3,1.0,1829.5649334748184,14.130510969369874
33,77,-11.60705247,0.4,1.0,1829.5649334748184,14.130510969369874
33,77,-11.60705247,0.5,1.0,1829.5649334748184,14.130510969369874
33,77,-11.60705247,0.6,1.0,1829.5649334748184,14.130510969369874
33,77,-11.60705247,0.7,1.0,1829.5649334748184,14.130510969369874
33,77,-11.60705247,0.8,1.0,1829.5649334748184,14.130510969369874
33,77,-11.60705247,0.9,1.0,1829.5649334748184,14.130510969369874
33,77,-11.60705247,1.0,1.0,1829.5649334748184,14.130510969369874
33,77,-11.60705247,1.1,1.0,1829.5649334748184,14.130510969369874
34,77,-30.02509848,0.1,1.0,1828.913499840515,14.126190400356723
34,77,-30.02509848,0.2,1.0,1828.913499840515,14.126190400356723
34,77,-30.02509848,0.3,1.0,1828.913499840515,14.126190400356723
34,77,-30.02509848,0.4,1.0,1828.913499840515,14.126190400356723
34,77,-30.02509848,0.5,1.0,1828.913499840515,14.126190400356723
34,77,-30.02509848,0.6,1.0,1828.913499840515,14.126190400356723
34,77,-30.02509848,0.7,1.0,1828.913499840515,14.126190400356723
34,77,-30.02509848,0.8,1.0,1828.913499840515,14.126190400356723
34,77,-30.02509848,0.9,1.0,1828.913499840515,14.126190400356723
34,77,-30.02509848,1.0,1.0,1828.913499840515,14.126190400356723
34,77,-30.02509848,1.1,1.0,1828.913499840515,14.126190400356723
35,77,-38.73870234,0.1,1.0,1837.4337749291285,14.182665957707885
35,77,-38.73870234,0.2,1.0,1837.4337749291285,14.182665957707885
35,77,-38.73870234,0.3,1.0,1837.4337749291285,14.182665957707885
35,77,-38.73870234,0.4,1.0,1837.4337749291285,14.182665957707885
35,77,-38.73870234,0.5,1.0,1837.4337749291285,14.182665957707885
35,77,-38.73870234,0.6,1.0,1837.4337749291285,14.182665957707885
35,77,-38.73870234,0.7,1.0,1837.4337749291285,14.182665957707885
35,77,-38.73870234,0.8,1.0,1837.4337749291285,14.182665957707885
35,77,-38.73870234,0.9,1.0,1837.4337749291285,14.182665957707885
35,77,-38.73870234,1.0,1.0,1837.4337749291285,14.182665957707885
35,77,-38.73870234,1.1,1.0,1837.4337749291285,14.182665957707885
36,77,-36.04919448,0.1,1.0,1841.3970102560904,14.208910452852638
36,77,-36.04919448,0.2,1.0,1841.3970102560904,14.208910452852638
36,77,-36.04919448,0.3,1.0,1841.3970102560904,14.208910452852638
36,77,-36.04919448,0.4,1.0,1841.3970102560904,14.208910452852638
36,77,-36.04919448,0.5,1.0,1841.3970102560904,14.208910452852638
36,77,-36.04919448,0.6,1.0,1841.3970102560904,14.208910452852638
36,77,-36.04919448,0.7,1.0,1841.3970102560904,14.208910452852638
36,77,-36.04919448,0.8,1.0,1841.3970102560904,14.208910452852638
36,77,-36.04919448,0.9,1.0,1841.3970102560904,14.208910452852638
36,77,-36.04919448,1.0,1.0,1841.3970102560904,14.208910452852638
36,77,-36.04919448,1.1,1.0,1841.3970102560904,14.208910452852638
37,77,-11.41691694,0.1,1.0,1847.3307608736372,14.248173681741957
37,77,-11.41691694,0.2,1.0,1847.3307608736372,14.248173681741957
37,77,-11.41691694,0.3,1.0,1847.3307608736372,14.248173681741957
37,77,-11.41691694,0.4,1.0,1847.3307608736372,14.248173681741957
37,77,-11.41691694,0.5,1.0,1847.3307608736372,14.248173681741957
37,77,-11.41691694,0.6,1.0,1847.3307608736372,14.248173681741957
37,77,-11.41691694,0.7,1.0,1847.3307608736372,14.248173681741957
37,77,-11.41691694,0.8,1.0,1847.3307608736372,14.248173681741957
37,77,-11.41691694,0.9,1.0,1847.3307608736372,14.248173681741957
37,77,-11.41691694,1.0,1.0,1847.3307608736372,14.248173681741957
37,77,-11.41691694,1.1,1.0,1847.3307608736372,14.248173681741957
38,77,-15.5936235,0.1,1.0,1827.7746065399983,14.118635758806642
38,77,-15.5936235,0.2,1.0,1827.7746065399983,14.118635758806642
38,77,-15.5936235,0.3,1.0,1827.7746065399983,14.118635758806642
38,77,-15.5936235,0.4,1.0,1827.7746065399983,14.118635758806642
38,77,-15.5936235,0.5,1.0,1827.7746065399983,14.118635758806642
38,77,-15.5936235,0.6,1.0,1827.7746065399983,14.118635758806642
38,77,-15.5936235,0.7,1.0,1827.7746065399983,14.118635758806642
38,77,-15.5936235,0.8,1.0,1827.7746065399983,14.118635758806642
38,77,-15.5936235,0.9,1.0,1827.7746065399983,14.118635758806642
38,77,-15.5936235,1.0,1.0,1827.7746065399983,14.118635758806642
38,77,-15.5936235,1.1,1.0,1827.7746065399983,14.118635758806642
39,77,-7.58847843,0.1,1.0,1828.057056760574,14.120509464914383
39,77,-7.58847843,0.2,1.0,1828.057056760574,14.120509464914383
39,77,-7.58847843,0.3,1.0,1828.057056760574,14.120509464914383
39,77,-7.58847843,0.4,1.0,1828.057056760574,14.120509464914383
39,77,-7.58847843,0.5,1.0,1828.057056760574,14.120509464914383
39,77,-7.58847843,0.6,1.0,1828.057056760574,14.120509464914383
39,77,-7.58847843,0.7,1.0,1828.057056760574,14.120509464914383
39,77,-7.58847843,0.8,1.0,1828.057056760574,14.120509464914383
39,77,-7.58847843,0.9,1.0,1828.057056760574,14.120509464914383
39,77,-7.58847843,1.0,1.0,1828.057056760574,14.120509464914383
39,77,-7.58847843,1.1,1.0,1828.057056760574,14.120509464914383
4,77,-0.28990962,0.1,0.399454488,737.5422864576128,6.221046768674576
4,77,-0.28990962,0.2,0.57087171,1054.0425478142763,8.659497638475866
4,77,-0.28990962,0.3,0.666161257,1229.9826673552293,9.960956106153738
4,77,-0.28990962,0.4,0.726821556,1341.9842519303972,10.7703046913553
4,77,-0.28990962,0.5,0.768826945,1419.541900116344,11.322280087036578
4,77,-0.28990962,0.6,0.799635995,1476.4269217225776,11.722807383203069
4,77,-0.28990962,0.7,0.823198766,1519.932603898358,12.026697483185758
4,77,-0.28990962,0.8,0.841802737,1554.282487854427,12.265159614035891
4,77,-0.28990962,0.9,0.856864245,1582.091661068222,12.457270251146012
4,77,-0.28990962,1.0,0.869307139,1605.0658940950136,12.615346795570323
4,77,-0.28990962,1.1,0.879759713,1624.365252492327,12.747697450600654
40,77,-23.08923045,0.1,1.0,1826.637130770428,14.111089193333887
40,77,-23.08923045,0.2,1.0,1826.637130770428,14.111089193333887
40,77,-23.08923045,0.3,1.0,1826.637130770428,14.111089193333887
40,77,-23.08923045,0.4,1.0,1826.637130770428,14.111089193333887
40,77,-23.08923045,0.5,1.0,1826.637130770428,14.111089193333887
40,77,-23.08923045,0.6,1.0,1826.637130770428,14.111089193333887
40,77,-23.08923045,0.7,1.0,1826.637130770428,14.111089193333887
40,77,-23.08923045,0.8,1.0,1826.637130770428,14.111089193333887
40,77,-23.08923045,0.9,1.0,1826.637130770428,14.111089193333887
40,77,-23.08923045,1.0,1.0,1826.637130770428,14.111089193333887
40,77,-23.08923045,1.1,1.0,1826.637130770428,14.111089193333887
41,77,404.8493717,0.1,0.0,0.0,0.0
41,77,404.8493717,0.2,0.0,0.0,0.0
41,77,404.8493717,0.3,0.0,0.0,0.0
41,77,404.8493717,0.4,0.0,0.0,0.0
41,77,404.8493717,0.5,0.0,0.0,0.0
41,77,404.8493717,0.6,0.0,0.0,0.0
41,77,404.8493717,0.7,0.0,0.0,0.0
41,77,404.8493717,0.8,0.0,0.0,0.0
41,77,404.8493717,0.9,0.0,0.0,0.0
41,77,404.8493717,1.0,0.0,0.0,0.0
41,77,404.8493717,1.1,0.0,0.0,0.0
42,77,61.24434849,0.1,1.43e-175,2.614948287254693e-172,2.3519834688611865e-174
42,77,61.24434849,0.2,2.86e-175,5.229896574509387e-172,4.703966937722373e-174
42,77,61.24434849,0.3,4.29e-175,7.844844861764083e-172,7.055950406583559e-174
42,77,61.24434849,0.4,5.72e-175,1.0459793149018774e-171,9.407933875444746e-174
42,77,61.24434849,0.5,7.15e-175,1.307474143627347e-171,1.175991734430593e-173
42,77,61.24434849,0.6,8.58e-175,1.5689689723528166e-171,1.4111900813167117e-173
42,77,61.24434849,0.7,9.999999999999999e-175,1.8286351659123734e-171,1.6447436845183117e-173
42,77,61.24434849,0.8,1.1399999999999999e-174,2.084644089140106e-171,1.875007800350876e-173
42,77,61.24434849,0.9,1.29e-174,2.358939364026962e-171,2.1217193530286225e-173
42,77,61.24434849,1.0,1.43e-174,2.6149482872546935e-171,2.351983468861186e-173
42,77,61.24434849,1.1,1.57e-174,2.870957210482427e-171,2.5822475846937498e-173
43,77,-4.43586819,0.1,1.0,1828.913499840515,14.126190400356723
43,77,-4.43586819,0.2,1.0,1828.913499840515,14.126190400356723
43,77,-4.43586819,0.3,1.0,1828.913499840515,14.126190400356723
43,77,-4.43586819,0.4,1.0,1828.913499840515,14.126190400356723
43,77,-4.43586819,0.5,1.0,1828.913499840515,14.126190400356723
43,77,-4.43586819,0.6,1.0,1828.913499840515,14.126190400356723
43,77,-4.43586819,0.7,1.0,1828.913499840515,14.126190400356723
43,77,-4.43586819,0.8,1.0,1828.913499840515,14.126190400356723
43,77,-4.43586819,0.9,1.0,1828.913499840515,14.126190400356723
43,77,-4.43586819,1.0,1.0,1828.913499840515,14.126190400356723
43,77,-4.43586819,1.1,1.0,1828.913499840515,14.126190400356723
44,77,1.22803707,0.1,3.27e-05,0.0597871312165633,0.0005377451966793086
44,77,1.22803707,0.2,6.53e-05,0.1193914271694675,0.001073840155770064
44,77,1.22803707,0.3,9.8e-05,0.1791785583860308,0.001611573803494718
44,77,1.22803707,0.4,0.000130667,0.2389053539655866,0.002148759009806287
44,77,1.22803707,0.5,0.000163328,0.298621179429323,0.002685839780623143
44,77,1.22803707,0.6,0.000195987,0.358333348187786,0.003222881894560566
44,77,1.22803707,0.7,0.000228645,0.4180436885936126,0.0037599017964303288
44,77,1.22803707,0.8,0.000261299,0.4777467155888927,0.004296850156407814
44,77,1.22803707,0.9,0.000293952,0.5374479142315363,0.004833776306622739
44,77,1.22803707,1.0,0.000326603,0.5971454561689066,0.005370663804568429
44,77,1.22803707,1.1,0.000359252,0.6568393414010038,0.005907512651397178
5,77,300.3739768,0.1,0.0,0.0,0.0
5,77,300.3739768,0.2,0.0,0.0,0.0
5,77,300.3739768,0.3,0.0,0.0,0.0
5,77,300.3739768,0.4,0.0,0.0,0.0
5,77,300.3739768,0.5,0.0,0.0,0.0
5,77,300.3739768,0.6,0.0,0.0,0.0
5,77,300.3739768,0.7,0.0,0.0,0.0
5,77,300.3739768,0.8,0.0,0.0,0.0
5,77,300.3739768,0.9,0.0,0.0,0.0
5,77,300.3739768,1.0,0.0,0.0,0.0
5,77,300.3739768,1.1,0.0,0.0,0.0
6,77,0.65386542,0.1,0.001391135,2.5431606858722784,0.022868918758466115
6,77,0.65386542,0.2,0.002778405,5.079255690807123,0.04566388681787437
6,77,0.65386542,0.3,0.004161826,7.608314264712686,0.0683852609043059
6,77,0.65386542,0.4,0.005541413,10.130363829377853,0.0910333804877495
6,77,0.65386542,0.5,0.006917184,12.645437290949294,0.113608633446144
6,77,0.65386542,0.6,0.008289153,15.153560243096647,0.1361113411728959
6,77,0.65386542,0.7,0.009657337,17.654763763847313,0.1585418734646677
6,77,0.65386542,0.8,0.011021751,20.149075274990185,0.18090056649899888
6,77,0.65386542,0.9,0.01238241,22.63652219831415,0.203187755664799
6,77,0.65386542,1.0,0.013739331,25.117135611846628,0.22540380830457413
6,77,0.65386542,1.1,0.015092527,27.59093928113797,0.24754902547752333
7,77,0.19829316,0.1,0.026632556,48.64128882179429,0.43559245405937674
7,77,0.19829316,0.2,0.051883326,94.7589050409322,0.8450947384702494
7,77,0.19829316,0.3,0.075857128,138.5442866332401,1.2307827281377426
7,77,0.19829316,0.4,0.098648442,180.16999041106013,1.5946751078569106
7,77,0.19829316,0.5,0.120342649,219.7919549137084,1.9385686278701002
7,77,0.19829316,0.6,0.141017104,257.5514601180977,2.264067840628069
7,77,0.19829316,0.7,0.160742058,293.5768113652932,2.5726101396001058
7,77,0.19829316,0.8,0.179581453,327.9847913362306,2.8654869404273597
7,77,0.19829316,0.9,0.197593617,360.88192938897794,3.143861789144692
7,77,0.19829316,1.0,0.214831862,392.3655937366978,3.4087857311878063
7,77,0.19829316,1.1,0.23134502,422.5249703897657,3.661210711539622
8,77,0.13114959,0.1,0.040707739,74.46124386817552,0.6652770346702477
8,77,0.13114959,0.2,0.078230876,143.09731955039308,1.2707164278599388
8,77,0.13114959,0.3,0.112929045,206.5660576124153,1.8240437929707582
8,77,0.13114959,0.4,0.145109694,265.4298317224232,2.3317096890119773
8,77,0.13114959,0.5,0.175037218,320.1722644312179,2.799142222641865
8,77,0.13114959,0.6,0.202940243,371.2115508230462,3.2309419511794384
8,77,0.13114959,0.7,0.229017473,418.91115365376345,3.631033738871501
8,77,0.13114959,0.8,0.253442434,463.58848091803816,4.002786473648111
8,77,0.13114959,0.9,0.276367337,505.5219519206224,4.34910810888881
8,77,0.13114959,1.0,0.297926254,544.956806710046,4.672521899000931
8,77,0.13114959,1.1,0.318237741,582.1099039830799,4.975227965759331
9,77,0.37713351,0.1,0.008429721,15.416512324647606,0.13846994208683444
9,77,0.37713351,0.2,0.01671851,30.57528421934062,0.27425147229969604
9,77,0.37713351,0.3,0.024869872,45.48272572727003,0.40742213249295645
9,77,0.37713351,0.4,0.032887196,60.145034747544,0.5380564990014476
9,77,0.37713351,0.5,0.040773761,74.56820800815778,0.6662263432002953
9,77,0.37713351,0.6,0.048532741,88.75805021013508,0.7920007714277567
9,77,0.37713351,0.7,0.056167206,102.72017585635643,0.9154462963625345
9,77,0.37713351,0.8,0.063680131,116.46002571101393,1.0366270345043602
9,77,0.37713351,0.9,0.071074394,129.98286314195448,1.1556047223832844
9,77,0.37713351,1.0,0.078352785,143.29379058013475,1.2724389074148181
9,77,0.37713351,1.1,0.085518006,156.39774951962085,1.3871869906917673
